family,layer,band,band_label,theta,theta_cum,theta_attn,theta_ffn,delta_pr,abs_delta_pr
Qwen2.5-7B,0,band1_factual,Factual,1.9156433514186315,1.9156433514186315,2.070085644721985,1.709720293680827,-0.013083689207022076,0.013083689207022076
Qwen2.5-7B,1,band1_factual,Factual,1.4583703790392195,1.6870068652289256,1.2835102677345276,1.6915171941121419,0.05140899527533005,0.05140899527533005
Qwen2.5-7B,2,band1_factual,Factual,1.4526579124586922,1.6088905476388478,1.3498683124780655,1.5897107124328613,0.017916237117654,0.017916237117654
Qwen2.5-7B,3,band1_factual,Factual,1.503757323537554,1.5826072416135244,1.4523224532604218,1.5723371505737305,0.01807882390597193,0.01807882390597193
Qwen2.5-7B,4,band1_factual,Factual,1.3534814715385437,1.5367820875985283,1.2957038432359695,1.4305183092753093,0.042570972153270326,0.042570972153270326
Qwen2.5-7B,5,band1_factual,Factual,1.2954384258815221,1.4965581439790272,1.105137586593628,1.5491728782653809,0.016714922231762408,0.016714922231762408
Qwen2.5-7B,6,band1_factual,Factual,1.558546279157911,1.5054135918617249,1.4457590728998184,1.708929220835368,0.05332422131751979,0.05332422131751979
Qwen2.5-7B,7,band1_factual,Factual,1.3406476974487305,1.4848178550601006,1.1014338731765747,1.6595994631449382,0.021664267701181572,0.021664267701181572
Qwen2.5-7B,8,band1_factual,Factual,1.4828612123216902,1.4846004503113883,1.366025149822235,1.6386426289876301,0.00585361323029332,0.00585361323029332
Qwen2.5-7B,9,band1_factual,Factual,1.6194794518607003,1.4980883504663196,1.4956473112106323,1.7845889727274578,-0.08006443018946996,0.08006443018946996
Qwen2.5-7B,10,band1_factual,Factual,1.547131563935961,1.502546824418105,1.4552652686834335,1.6696199576059978,-0.07688541330677445,0.07688541330677445
Qwen2.5-7B,11,band1_factual,Factual,1.3645426545824324,1.491046476931799,1.176852285861969,1.61479647954305,-0.05530310484079948,0.05530310484079948
Qwen2.5-7B,12,band1_factual,Factual,1.379173687526158,1.48244087774675,1.2066181898117065,1.6092476844787598,-0.09365721007869787,0.09365721007869787
Qwen2.5-7B,13,band1_factual,Factual,1.5394387415477209,1.4865121537325334,1.469552367925644,1.6326205730438232,-0.07671563099418854,0.07671563099418854
Qwen2.5-7B,14,band1_factual,Factual,1.4474591527666365,1.4839086203348069,1.3317402601242065,1.6017510096232097,-0.0557462425588362,0.0557462425588362
Qwen2.5-7B,15,band1_factual,Factual,1.3083812849862235,1.4729381618755206,1.145418405532837,1.5256651242574055,-0.04611073629223306,0.04611073629223306
Qwen2.5-7B,16,band1_factual,Factual,1.3329911572592599,1.4647059851333877,1.2770807147026062,1.4075384140014648,-0.03685301928861229,0.03685301928861229
Qwen2.5-7B,17,band1_factual,Factual,1.3217314311436243,1.4567629543561786,1.1915229558944702,1.49534273147583,-0.03485036818028853,0.03485036818028853
Qwen2.5-7B,18,band1_factual,Factual,1.4888089724949427,1.458449586889798,1.4512253403663635,1.538920481999715,-0.04197654578236154,0.04197654578236154
Qwen2.5-7B,19,band1_factual,Factual,1.2691363266536169,1.448983923877989,1.0767298340797424,1.525678316752116,-0.0030730166098251743,0.0030730166098251743
Qwen2.5-7B,20,band1_factual,Factual,1.315147876739502,1.4426107787761562,1.1450111269950867,1.5419968763987224,-0.015572600657348445,0.015572600657348445
Qwen2.5-7B,21,band1_factual,Factual,1.3356072562081474,1.437746982295792,1.1422832012176514,1.5933726628621419,-0.0018681387418979511,0.0018681387418979511
Qwen2.5-7B,22,band1_factual,Factual,1.4322014876774378,1.4375058738341244,1.1826860308647156,1.7648887634277344,0.052993864263342516,0.052993864263342516
Qwen2.5-7B,23,band1_factual,Factual,1.3451416151864188,1.4336573630571365,1.0849691033363342,1.6920382976531982,0.11370263298859307,0.11370263298859307
Qwen2.5-7B,24,band1_factual,Factual,1.2920170341219221,1.4279917498997279,1.160027801990509,1.4680026769638062,0.1218253929999733,0.1218253929999733
Qwen2.5-7B,25,band1_factual,Factual,1.3790566240038191,1.426109629672962,1.2365407347679138,1.5690778096516926,0.10199233139822006,0.10199233139822006
Qwen2.5-7B,26,band1_factual,Factual,1.2879834004810877,1.4209938434065963,1.1214238107204437,1.51006285349528,0.10831521798734478,0.10831521798734478
Qwen2.5-7B,27,band1_factual,Factual,1.2509797981807165,1.4149219132199577,1.157665491104126,1.375398874282837,1.199130293719656,1.199130293719656
Qwen2.5-7B,0,band2_instruction,Instruction,1.9156433514186315,1.9156433514186315,2.070085644721985,1.709720293680827,0.0382518555694924,0.0382518555694924
Qwen2.5-7B,1,band2_instruction,Instruction,1.4583703790392195,1.6870068652289256,1.2835102677345276,1.6915171941121419,-0.043818806129459986,0.043818806129459986
Qwen2.5-7B,2,band2_instruction,Instruction,1.4526579124586922,1.6088905476388478,1.3498683124780655,1.5897107124328613,-0.039319893829059094,0.039319893829059094
Qwen2.5-7B,3,band2_instruction,Instruction,1.503757323537554,1.5826072416135244,1.4523224532604218,1.5723371505737305,0.09368256805890818,0.09368256805890818
Qwen2.5-7B,4,band2_instruction,Instruction,1.3534814715385437,1.5367820875985283,1.2957038432359695,1.4305183092753093,0.22097485099640402,0.22097485099640402
Qwen2.5-7B,5,band2_instruction,Instruction,1.2954384258815221,1.4965581439790272,1.105137586593628,1.5491728782653809,0.06784134480722503,0.06784134480722503
Qwen2.5-7B,6,band2_instruction,Instruction,1.558546279157911,1.5054135918617249,1.4457590728998184,1.708929220835368,0.2854212771100344,0.2854212771100344
Qwen2.5-7B,7,band2_instruction,Instruction,1.3406476974487305,1.4848178550601006,1.1014338731765747,1.6595994631449382,0.2843454390018145,0.2843454390018145
Qwen2.5-7B,8,band2_instruction,Instruction,1.4828612123216902,1.4846004503113883,1.366025149822235,1.6386426289876301,0.35683505466724164,0.35683505466724164
Qwen2.5-7B,9,band2_instruction,Instruction,1.6194794518607003,1.4980883504663196,1.4956473112106323,1.7845889727274578,0.3102627460350833,0.3102627460350833
Qwen2.5-7B,10,band2_instruction,Instruction,1.547131563935961,1.502546824418105,1.4552652686834335,1.6696199576059978,0.7257918524203264,0.7257918524203264
Qwen2.5-7B,11,band2_instruction,Instruction,1.3645426545824324,1.491046476931799,1.176852285861969,1.61479647954305,0.7924804722779264,0.7924804722779264
Qwen2.5-7B,12,band2_instruction,Instruction,1.379173687526158,1.48244087774675,1.2066181898117065,1.6092476844787598,0.7193843738474541,0.7193843738474541
Qwen2.5-7B,13,band2_instruction,Instruction,1.5394387415477209,1.4865121537325334,1.469552367925644,1.6326205730438232,0.7429789789077299,0.7429789789077299
Qwen2.5-7B,14,band2_instruction,Instruction,1.4474591527666365,1.4839086203348069,1.3317402601242065,1.6017510096232097,0.3580040239780562,0.3580040239780562
Qwen2.5-7B,15,band2_instruction,Instruction,1.3083812849862235,1.4729381618755206,1.145418405532837,1.5256651242574055,0.3295163885835466,0.3295163885835466
Qwen2.5-7B,16,band2_instruction,Instruction,1.3329911572592599,1.4647059851333877,1.2770807147026062,1.4075384140014648,0.014370294191834887,0.014370294191834887
Qwen2.5-7B,17,band2_instruction,Instruction,1.3217314311436243,1.4567629543561786,1.1915229558944702,1.49534273147583,-0.13624530464467188,0.13624530464467188
Qwen2.5-7B,18,band2_instruction,Instruction,1.4888089724949427,1.458449586889798,1.4512253403663635,1.538920481999715,-0.34089905409149246,0.34089905409149246
Qwen2.5-7B,19,band2_instruction,Instruction,1.2691363266536169,1.448983923877989,1.0767298340797424,1.525678316752116,-0.17502032092819952,0.17502032092819952
Qwen2.5-7B,20,band2_instruction,Instruction,1.315147876739502,1.4426107787761562,1.1450111269950867,1.5419968763987224,-0.14398591670493044,0.14398591670493044
Qwen2.5-7B,21,band2_instruction,Instruction,1.3356072562081474,1.437746982295792,1.1422832012176514,1.5933726628621419,0.07519001163141592,0.07519001163141592
Qwen2.5-7B,22,band2_instruction,Instruction,1.4322014876774378,1.4375058738341244,1.1826860308647156,1.7648887634277344,0.12926565844898708,0.12926565844898708
Qwen2.5-7B,23,band2_instruction,Instruction,1.3451416151864188,1.4336573630571365,1.0849691033363342,1.6920382976531982,0.25348342785884004,0.25348342785884004
Qwen2.5-7B,24,band2_instruction,Instruction,1.2920170341219221,1.4279917498997279,1.160027801990509,1.4680026769638062,0.10578084925814579,0.10578084925814579
Qwen2.5-7B,25,band2_instruction,Instruction,1.3790566240038191,1.426109629672962,1.2365407347679138,1.5690778096516926,0.16103733445701618,0.16103733445701618
Qwen2.5-7B,26,band2_instruction,Instruction,1.2879834004810877,1.4209938434065963,1.1214238107204437,1.51006285349528,0.058411745914078494,0.058411745914078494
Qwen2.5-7B,27,band2_instruction,Instruction,1.2509797981807165,1.4149219132199577,1.157665491104126,1.375398874282837,-0.1308554006414946,0.1308554006414946
Qwen2.5-7B,0,band3_creative,Creative,1.9156433514186315,1.9156433514186315,2.070085644721985,1.709720293680827,0.1715347939209524,0.1715347939209524
Qwen2.5-7B,1,band3_creative,Creative,1.4583703790392195,1.6870068652289256,1.2835102677345276,1.6915171941121419,0.05434372522709019,0.05434372522709019
Qwen2.5-7B,2,band3_creative,Creative,1.4526579124586922,1.6088905476388478,1.3498683124780655,1.5897107124328613,0.08052001112657914,0.08052001112657914
Qwen2.5-7B,3,band3_creative,Creative,1.503757323537554,1.5826072416135244,1.4523224532604218,1.5723371505737305,0.08248349915986797,0.08248349915986797
Qwen2.5-7B,4,band3_creative,Creative,1.3534814715385437,1.5367820875985283,1.2957038432359695,1.4305183092753093,0.2459765380966017,0.2459765380966017
Qwen2.5-7B,5,band3_creative,Creative,1.2954384258815221,1.4965581439790272,1.105137586593628,1.5491728782653809,0.3652427854084861,0.3652427854084861
Qwen2.5-7B,6,band3_creative,Creative,1.558546279157911,1.5054135918617249,1.4457590728998184,1.708929220835368,0.6194279590775853,0.6194279590775853
Qwen2.5-7B,7,band3_creative,Creative,1.3406476974487305,1.4848178550601006,1.1014338731765747,1.6595994631449382,0.9264457046024468,0.9264457046024468
Qwen2.5-7B,8,band3_creative,Creative,1.4828612123216902,1.4846004503113883,1.366025149822235,1.6386426289876301,1.2080111796613506,1.2080111796613506
Qwen2.5-7B,9,band3_creative,Creative,1.6194794518607003,1.4980883504663196,1.4956473112106323,1.7845889727274578,1.1057212001624475,1.1057212001624475
Qwen2.5-7B,10,band3_creative,Creative,1.547131563935961,1.502546824418105,1.4552652686834335,1.6696199576059978,1.2594686852113162,1.2594686852113162
Qwen2.5-7B,11,band3_creative,Creative,1.3645426545824324,1.491046476931799,1.176852285861969,1.61479647954305,1.1429356416114027,1.1429356416114027
Qwen2.5-7B,12,band3_creative,Creative,1.379173687526158,1.48244087774675,1.2066181898117065,1.6092476844787598,0.7047433025507583,0.7047433025507583
Qwen2.5-7B,13,band3_creative,Creative,1.5394387415477209,1.4865121537325334,1.469552367925644,1.6326205730438232,0.6627529623388027,0.6627529623388027
Qwen2.5-7B,14,band3_creative,Creative,1.4474591527666365,1.4839086203348069,1.3317402601242065,1.6017510096232097,0.9796076885483478,0.9796076885483478
Qwen2.5-7B,15,band3_creative,Creative,1.3083812849862235,1.4729381618755206,1.145418405532837,1.5256651242574055,0.8834938704473627,0.8834938704473627
Qwen2.5-7B,16,band3_creative,Creative,1.3329911572592599,1.4647059851333877,1.2770807147026062,1.4075384140014648,0.8679960711378012,0.8679960711378012
Qwen2.5-7B,17,band3_creative,Creative,1.3217314311436243,1.4567629543561786,1.1915229558944702,1.49534273147583,0.995649102987576,0.995649102987576
Qwen2.5-7B,18,band3_creative,Creative,1.4888089724949427,1.458449586889798,1.4512253403663635,1.538920481999715,0.4239986179800521,0.4239986179800521
Qwen2.5-7B,19,band3_creative,Creative,1.2691363266536169,1.448983923877989,1.0767298340797424,1.525678316752116,0.2537750640617169,0.2537750640617169
Qwen2.5-7B,20,band3_creative,Creative,1.315147876739502,1.4426107787761562,1.1450111269950867,1.5419968763987224,0.19240042300395643,0.19240042300395643
Qwen2.5-7B,21,band3_creative,Creative,1.3356072562081474,1.437746982295792,1.1422832012176514,1.5933726628621419,0.32768822825111776,0.32768822825111776
Qwen2.5-7B,22,band3_creative,Creative,1.4322014876774378,1.4375058738341244,1.1826860308647156,1.7648887634277344,0.3541293554669602,0.3541293554669602
Qwen2.5-7B,23,band3_creative,Creative,1.3451416151864188,1.4336573630571365,1.0849691033363342,1.6920382976531982,0.3644414871189907,0.3644414871189907
Qwen2.5-7B,24,band3_creative,Creative,1.2920170341219221,1.4279917498997279,1.160027801990509,1.4680026769638062,0.26294561041988107,0.26294561041988107
Qwen2.5-7B,25,band3_creative,Creative,1.3790566240038191,1.426109629672962,1.2365407347679138,1.5690778096516926,0.1947142422164312,0.1947142422164312
Qwen2.5-7B,26,band3_creative,Creative,1.2879834004810877,1.4209938434065963,1.1214238107204437,1.51006285349528,0.11874472295898819,0.11874472295898819
Qwen2.5-7B,27,band3_creative,Creative,1.2509797981807165,1.4149219132199577,1.157665491104126,1.375398874282837,-0.032943522031889216,0.032943522031889216
Qwen2.5-7B,0,band4_code,Code / Logic,1.9156433514186315,1.9156433514186315,2.070085644721985,1.709720293680827,0.06730811590575891,0.06730811590575891
Qwen2.5-7B,1,band4_code,Code / Logic,1.4583703790392195,1.6870068652289256,1.2835102677345276,1.6915171941121419,0.0012501393675869998,0.0012501393675869998
Qwen2.5-7B,2,band4_code,Code / Logic,1.4526579124586922,1.6088905476388478,1.3498683124780655,1.5897107124328613,0.03230639446948613,0.03230639446948613
Qwen2.5-7B,3,band4_code,Code / Logic,1.503757323537554,1.5826072416135244,1.4523224532604218,1.5723371505737305,0.13097484461747122,0.13097484461747122
Qwen2.5-7B,4,band4_code,Code / Logic,1.3534814715385437,1.5367820875985283,1.2957038432359695,1.4305183092753093,0.14462291181009146,0.14462291181009146
Qwen2.5-7B,5,band4_code,Code / Logic,1.2954384258815221,1.4965581439790272,1.105137586593628,1.5491728782653809,0.16481335627002913,0.16481335627002913
Qwen2.5-7B,6,band4_code,Code / Logic,1.558546279157911,1.5054135918617249,1.4457590728998184,1.708929220835368,0.32450077920412657,0.32450077920412657
Qwen2.5-7B,7,band4_code,Code / Logic,1.3406476974487305,1.4848178550601006,1.1014338731765747,1.6595994631449382,0.31313716679232506,0.31313716679232506
Qwen2.5-7B,8,band4_code,Code / Logic,1.4828612123216902,1.4846004503113883,1.366025149822235,1.6386426289876301,0.321236046885212,0.321236046885212
Qwen2.5-7B,9,band4_code,Code / Logic,1.6194794518607003,1.4980883504663196,1.4956473112106323,1.7845889727274578,0.3808746136510317,0.3808746136510317
Qwen2.5-7B,10,band4_code,Code / Logic,1.547131563935961,1.502546824418105,1.4552652686834335,1.6696199576059978,0.3688680926549308,0.3688680926549308
Qwen2.5-7B,11,band4_code,Code / Logic,1.3645426545824324,1.491046476931799,1.176852285861969,1.61479647954305,0.5089269385226789,0.5089269385226789
Qwen2.5-7B,12,band4_code,Code / Logic,1.379173687526158,1.48244087774675,1.2066181898117065,1.6092476844787598,0.6906658861657755,0.6906658861657755
Qwen2.5-7B,13,band4_code,Code / Logic,1.5394387415477209,1.4865121537325334,1.469552367925644,1.6326205730438232,0.7619686311377114,0.7619686311377114
Qwen2.5-7B,14,band4_code,Code / Logic,1.4474591527666365,1.4839086203348069,1.3317402601242065,1.6017510096232097,0.8082043344858256,0.8082043344858256
Qwen2.5-7B,15,band4_code,Code / Logic,1.3083812849862235,1.4729381618755206,1.145418405532837,1.5256651242574055,0.8992042540621652,0.8992042540621652
Qwen2.5-7B,16,band4_code,Code / Logic,1.3329911572592599,1.4647059851333877,1.2770807147026062,1.4075384140014648,0.7641952562330463,0.7641952562330463
Qwen2.5-7B,17,band4_code,Code / Logic,1.3217314311436243,1.4567629543561786,1.1915229558944702,1.49534273147583,0.6297318428768763,0.6297318428768763
Qwen2.5-7B,18,band4_code,Code / Logic,1.4888089724949427,1.458449586889798,1.4512253403663635,1.538920481999715,0.4054693681968722,0.4054693681968722
Qwen2.5-7B,19,band4_code,Code / Logic,1.2691363266536169,1.448983923877989,1.0767298340797424,1.525678316752116,0.21125857959866234,0.21125857959866234
Qwen2.5-7B,20,band4_code,Code / Logic,1.315147876739502,1.4426107787761562,1.1450111269950867,1.5419968763987224,0.34356841499724755,0.34356841499724755
Qwen2.5-7B,21,band4_code,Code / Logic,1.3356072562081474,1.437746982295792,1.1422832012176514,1.5933726628621419,0.3958657487855781,0.3958657487855781
Qwen2.5-7B,22,band4_code,Code / Logic,1.4322014876774378,1.4375058738341244,1.1826860308647156,1.7648887634277344,0.42736229572577145,0.42736229572577145
Qwen2.5-7B,23,band4_code,Code / Logic,1.3451416151864188,1.4336573630571365,1.0849691033363342,1.6920382976531982,0.6575536477898369,0.6575536477898369
Qwen2.5-7B,24,band4_code,Code / Logic,1.2920170341219221,1.4279917498997279,1.160027801990509,1.4680026769638062,0.80267394209051,0.80267394209051
Qwen2.5-7B,25,band4_code,Code / Logic,1.3790566240038191,1.426109629672962,1.2365407347679138,1.5690778096516926,0.48746653257757533,0.48746653257757533
Qwen2.5-7B,26,band4_code,Code / Logic,1.2879834004810877,1.4209938434065963,1.1214238107204437,1.51006285349528,0.43364453958256455,0.43364453958256455
Qwen2.5-7B,27,band4_code,Code / Logic,1.2509797981807165,1.4149219132199577,1.157665491104126,1.375398874282837,0.7705506100249258,0.7705506100249258
Qwen2.5-7B,0,band5_dialogue,Dialogue,1.9156433514186315,1.9156433514186315,2.070085644721985,1.709720293680827,0.08207577209019967,0.08207577209019967
Qwen2.5-7B,1,band5_dialogue,Dialogue,1.4583703790392195,1.6870068652289256,1.2835102677345276,1.6915171941121419,0.07865742386917507,0.07865742386917507
Qwen2.5-7B,2,band5_dialogue,Dialogue,1.4526579124586922,1.6088905476388478,1.3498683124780655,1.5897107124328613,0.060004507548105046,0.060004507548105046
Qwen2.5-7B,3,band5_dialogue,Dialogue,1.503757323537554,1.5826072416135244,1.4523224532604218,1.5723371505737305,0.09936340553971412,0.09936340553971412
Qwen2.5-7B,4,band5_dialogue,Dialogue,1.3534814715385437,1.5367820875985283,1.2957038432359695,1.4305183092753093,0.13740376068139426,0.13740376068139426
Qwen2.5-7B,5,band5_dialogue,Dialogue,1.2954384258815221,1.4965581439790272,1.105137586593628,1.5491728782653809,0.12415710551738268,0.12415710551738268
Qwen2.5-7B,6,band5_dialogue,Dialogue,1.558546279157911,1.5054135918617249,1.4457590728998184,1.708929220835368,0.3412577860016901,0.3412577860016901
Qwen2.5-7B,7,band5_dialogue,Dialogue,1.3406476974487305,1.4848178550601006,1.1014338731765747,1.6595994631449382,0.4027797044428745,0.4027797044428745
Qwen2.5-7B,8,band5_dialogue,Dialogue,1.4828612123216902,1.4846004503113883,1.366025149822235,1.6386426289876301,0.4462577737683606,0.4462577737683606
Qwen2.5-7B,9,band5_dialogue,Dialogue,1.6194794518607003,1.4980883504663196,1.4956473112106323,1.7845889727274578,0.5926434639350084,0.5926434639350084
Qwen2.5-7B,10,band5_dialogue,Dialogue,1.547131563935961,1.502546824418105,1.4552652686834335,1.6696199576059978,0.4700317750813303,0.4700317750813303
Qwen2.5-7B,11,band5_dialogue,Dialogue,1.3645426545824324,1.491046476931799,1.176852285861969,1.61479647954305,0.4054109324194872,0.4054109324194872
Qwen2.5-7B,12,band5_dialogue,Dialogue,1.379173687526158,1.48244087774675,1.2066181898117065,1.6092476844787598,0.38209639761593284,0.38209639761593284
Qwen2.5-7B,13,band5_dialogue,Dialogue,1.5394387415477209,1.4865121537325334,1.469552367925644,1.6326205730438232,0.44111949992557964,0.44111949992557964
Qwen2.5-7B,14,band5_dialogue,Dialogue,1.4474591527666365,1.4839086203348069,1.3317402601242065,1.6017510096232097,0.43153565591966725,0.43153565591966725
Qwen2.5-7B,15,band5_dialogue,Dialogue,1.3083812849862235,1.4729381618755206,1.145418405532837,1.5256651242574055,0.43775750391381596,0.43775750391381596
Qwen2.5-7B,16,band5_dialogue,Dialogue,1.3329911572592599,1.4647059851333877,1.2770807147026062,1.4075384140014648,0.46917327416134036,0.46917327416134036
Qwen2.5-7B,17,band5_dialogue,Dialogue,1.3217314311436243,1.4567629543561786,1.1915229558944702,1.49534273147583,0.6406078154124355,0.6406078154124355
Qwen2.5-7B,18,band5_dialogue,Dialogue,1.4888089724949427,1.458449586889798,1.4512253403663635,1.538920481999715,0.5655587289155175,0.5655587289155175
Qwen2.5-7B,19,band5_dialogue,Dialogue,1.2691363266536169,1.448983923877989,1.0767298340797424,1.525678316752116,0.3906934702082552,0.3906934702082552
Qwen2.5-7B,20,band5_dialogue,Dialogue,1.315147876739502,1.4426107787761562,1.1450111269950867,1.5419968763987224,0.275096940598174,0.275096940598174
Qwen2.5-7B,21,band5_dialogue,Dialogue,1.3356072562081474,1.437746982295792,1.1422832012176514,1.5933726628621419,0.21412984396529566,0.21412984396529566
Qwen2.5-7B,22,band5_dialogue,Dialogue,1.4322014876774378,1.4375058738341244,1.1826860308647156,1.7648887634277344,0.2876936967349861,0.2876936967349861
Qwen2.5-7B,23,band5_dialogue,Dialogue,1.3451416151864188,1.4336573630571365,1.0849691033363342,1.6920382976531982,0.3527383858125921,0.3527383858125921
Qwen2.5-7B,24,band5_dialogue,Dialogue,1.2920170341219221,1.4279917498997279,1.160027801990509,1.4680026769638062,0.44478014959704915,0.44478014959704915
Qwen2.5-7B,25,band5_dialogue,Dialogue,1.3790566240038191,1.426109629672962,1.2365407347679138,1.5690778096516926,0.4515100642461869,0.4515100642461869
Qwen2.5-7B,26,band5_dialogue,Dialogue,1.2879834004810877,1.4209938434065963,1.1214238107204437,1.51006285349528,0.5387633037710682,0.5387633037710682
Qwen2.5-7B,27,band5_dialogue,Dialogue,1.2509797981807165,1.4149219132199577,1.157665491104126,1.375398874282837,0.9800218207861429,0.9800218207861429
Qwen2.5-7B,0,band6_counterfactual,Counterfactual,1.9156433514186315,1.9156433514186315,2.070085644721985,1.709720293680827,0.16198233034851484,0.16198233034851484
Qwen2.5-7B,1,band6_counterfactual,Counterfactual,1.4583703790392195,1.6870068652289256,1.2835102677345276,1.6915171941121419,0.06476934702967974,0.06476934702967974
Qwen2.5-7B,2,band6_counterfactual,Counterfactual,1.4526579124586922,1.6088905476388478,1.3498683124780655,1.5897107124328613,0.019994464431748682,0.019994464431748682
Qwen2.5-7B,3,band6_counterfactual,Counterfactual,1.503757323537554,1.5826072416135244,1.4523224532604218,1.5723371505737305,0.022955112225975682,0.022955112225975682
Qwen2.5-7B,4,band6_counterfactual,Counterfactual,1.3534814715385437,1.5367820875985283,1.2957038432359695,1.4305183092753093,-0.062451610708525784,0.062451610708525784
Qwen2.5-7B,5,band6_counterfactual,Counterfactual,1.2954384258815221,1.4965581439790272,1.105137586593628,1.5491728782653809,-0.06684278737952809,0.06684278737952809
Qwen2.5-7B,6,band6_counterfactual,Counterfactual,1.558546279157911,1.5054135918617249,1.4457590728998184,1.708929220835368,-0.1734556503177931,0.1734556503177931
Qwen2.5-7B,7,band6_counterfactual,Counterfactual,1.3406476974487305,1.4848178550601006,1.1014338731765747,1.6595994631449382,-0.5268048794027926,0.5268048794027926
Qwen2.5-7B,8,band6_counterfactual,Counterfactual,1.4828612123216902,1.4846004503113883,1.366025149822235,1.6386426289876301,-0.33711287098928455,0.33711287098928455
Qwen2.5-7B,9,band6_counterfactual,Counterfactual,1.6194794518607003,1.4980883504663196,1.4956473112106323,1.7845889727274578,-0.29632015401261835,0.29632015401261835
Qwen2.5-7B,10,band6_counterfactual,Counterfactual,1.547131563935961,1.502546824418105,1.4552652686834335,1.6696199576059978,-0.10571200685004456,0.10571200685004456
Qwen2.5-7B,11,band6_counterfactual,Counterfactual,1.3645426545824324,1.491046476931799,1.176852285861969,1.61479647954305,0.12411582259489418,0.12411582259489418
Qwen2.5-7B,12,band6_counterfactual,Counterfactual,1.379173687526158,1.48244087774675,1.2066181898117065,1.6092476844787598,-0.22372834823209686,0.22372834823209686
Qwen2.5-7B,13,band6_counterfactual,Counterfactual,1.5394387415477209,1.4865121537325334,1.469552367925644,1.6326205730438232,0.126066967590182,0.126066967590182
Qwen2.5-7B,14,band6_counterfactual,Counterfactual,1.4474591527666365,1.4839086203348069,1.3317402601242065,1.6017510096232097,0.2638024653843196,0.2638024653843196
Qwen2.5-7B,15,band6_counterfactual,Counterfactual,1.3083812849862235,1.4729381618755206,1.145418405532837,1.5256651242574055,0.5380938418455319,0.5380938418455319
Qwen2.5-7B,16,band6_counterfactual,Counterfactual,1.3329911572592599,1.4647059851333877,1.2770807147026062,1.4075384140014648,0.6672147878027586,0.6672147878027586
Qwen2.5-7B,17,band6_counterfactual,Counterfactual,1.3217314311436243,1.4567629543561786,1.1915229558944702,1.49534273147583,0.7799848416585276,0.7799848416585276
Qwen2.5-7B,18,band6_counterfactual,Counterfactual,1.4888089724949427,1.458449586889798,1.4512253403663635,1.538920481999715,0.785649048460475,0.785649048460475
Qwen2.5-7B,19,band6_counterfactual,Counterfactual,1.2691363266536169,1.448983923877989,1.0767298340797424,1.525678316752116,1.0550050264475042,1.0550050264475042
Qwen2.5-7B,20,band6_counterfactual,Counterfactual,1.315147876739502,1.4426107787761562,1.1450111269950867,1.5419968763987224,1.2229372990166008,1.2229372990166008
Qwen2.5-7B,21,band6_counterfactual,Counterfactual,1.3356072562081474,1.437746982295792,1.1422832012176514,1.5933726628621419,1.2850244800642852,1.2850244800642852
Qwen2.5-7B,22,band6_counterfactual,Counterfactual,1.4322014876774378,1.4375058738341244,1.1826860308647156,1.7648887634277344,1.2693280413232735,1.2693280413232735
Qwen2.5-7B,23,band6_counterfactual,Counterfactual,1.3451416151864188,1.4336573630571365,1.0849691033363342,1.6920382976531982,1.4383461782299438,1.4383461782299438
Qwen2.5-7B,24,band6_counterfactual,Counterfactual,1.2920170341219221,1.4279917498997279,1.160027801990509,1.4680026769638062,1.3764716869392073,1.3764716869392073
Qwen2.5-7B,25,band6_counterfactual,Counterfactual,1.3790566240038191,1.426109629672962,1.2365407347679138,1.5690778096516926,1.3616441011197358,1.3616441011197358
Qwen2.5-7B,26,band6_counterfactual,Counterfactual,1.2879834004810877,1.4209938434065963,1.1214238107204437,1.51006285349528,0.9358341976985072,0.9358341976985072
Qwen2.5-7B,27,band6_counterfactual,Counterfactual,1.2509797981807165,1.4149219132199577,1.157665491104126,1.375398874282837,1.0235261483545317,1.0235261483545317
Qwen2.5-7B,0,band7_safety,Safety,1.9156433514186315,1.9156433514186315,2.070085644721985,1.709720293680827,0.06458791844162781,0.06458791844162781
Qwen2.5-7B,1,band7_safety,Safety,1.4583703790392195,1.6870068652289256,1.2835102677345276,1.6915171941121419,0.0789725956752978,0.0789725956752978
Qwen2.5-7B,2,band7_safety,Safety,1.4526579124586922,1.6088905476388478,1.3498683124780655,1.5897107124328613,0.005711217813362257,0.005711217813362257
Qwen2.5-7B,3,band7_safety,Safety,1.503757323537554,1.5826072416135244,1.4523224532604218,1.5723371505737305,0.04281977795957115,0.04281977795957115
Qwen2.5-7B,4,band7_safety,Safety,1.3534814715385437,1.5367820875985283,1.2957038432359695,1.4305183092753093,0.22739429835674363,0.22739429835674363
Qwen2.5-7B,5,band7_safety,Safety,1.2954384258815221,1.4965581439790272,1.105137586593628,1.5491728782653809,0.07684196513005137,0.07684196513005137
Qwen2.5-7B,6,band7_safety,Safety,1.558546279157911,1.5054135918617249,1.4457590728998184,1.708929220835368,0.14746828659512623,0.14746828659512623
Qwen2.5-7B,7,band7_safety,Safety,1.3406476974487305,1.4848178550601006,1.1014338731765747,1.6595994631449382,0.3736936597883185,0.3736936597883185
Qwen2.5-7B,8,band7_safety,Safety,1.4828612123216902,1.4846004503113883,1.366025149822235,1.6386426289876301,0.47840789354675994,0.47840789354675994
Qwen2.5-7B,9,band7_safety,Safety,1.6194794518607003,1.4980883504663196,1.4956473112106323,1.7845889727274578,0.6074684716654586,0.6074684716654586
Qwen2.5-7B,10,band7_safety,Safety,1.547131563935961,1.502546824418105,1.4552652686834335,1.6696199576059978,0.8070114821110437,0.8070114821110437
Qwen2.5-7B,11,band7_safety,Safety,1.3645426545824324,1.491046476931799,1.176852285861969,1.61479647954305,0.8250332877623388,0.8250332877623388
Qwen2.5-7B,12,band7_safety,Safety,1.379173687526158,1.48244087774675,1.2066181898117065,1.6092476844787598,0.7662319994066333,0.7662319994066333
Qwen2.5-7B,13,band7_safety,Safety,1.5394387415477209,1.4865121537325334,1.469552367925644,1.6326205730438232,0.7620245051983918,0.7620245051983918
Qwen2.5-7B,14,band7_safety,Safety,1.4474591527666365,1.4839086203348069,1.3317402601242065,1.6017510096232097,0.7794516463867271,0.7794516463867271
Qwen2.5-7B,15,band7_safety,Safety,1.3083812849862235,1.4729381618755206,1.145418405532837,1.5256651242574055,0.7684655823997728,0.7684655823997728
Qwen2.5-7B,16,band7_safety,Safety,1.3329911572592599,1.4647059851333877,1.2770807147026062,1.4075384140014648,0.675315098691958,0.675315098691958
Qwen2.5-7B,17,band7_safety,Safety,1.3217314311436243,1.4567629543561786,1.1915229558944702,1.49534273147583,0.650045745169904,0.650045745169904
Qwen2.5-7B,18,band7_safety,Safety,1.4888089724949427,1.458449586889798,1.4512253403663635,1.538920481999715,0.7244849281854666,0.7244849281854666
Qwen2.5-7B,19,band7_safety,Safety,1.2691363266536169,1.448983923877989,1.0767298340797424,1.525678316752116,0.8601958940615066,0.8601958940615066
Qwen2.5-7B,20,band7_safety,Safety,1.315147876739502,1.4426107787761562,1.1450111269950867,1.5419968763987224,0.8709357423111754,0.8709357423111754
Qwen2.5-7B,21,band7_safety,Safety,1.3356072562081474,1.437746982295792,1.1422832012176514,1.5933726628621419,0.7029641909195528,0.7029641909195528
Qwen2.5-7B,22,band7_safety,Safety,1.4322014876774378,1.4375058738341244,1.1826860308647156,1.7648887634277344,0.40715268036623087,0.40715268036623087
Qwen2.5-7B,23,band7_safety,Safety,1.3451416151864188,1.4336573630571365,1.0849691033363342,1.6920382976531982,0.4964937573565571,0.4964937573565571
Qwen2.5-7B,24,band7_safety,Safety,1.2920170341219221,1.4279917498997279,1.160027801990509,1.4680026769638062,0.40331322365257183,0.40331322365257183
Qwen2.5-7B,25,band7_safety,Safety,1.3790566240038191,1.426109629672962,1.2365407347679138,1.5690778096516926,0.28317192054198514,0.28317192054198514
Qwen2.5-7B,26,band7_safety,Safety,1.2879834004810877,1.4209938434065963,1.1214238107204437,1.51006285349528,0.23675270011289307,0.23675270011289307
Qwen2.5-7B,27,band7_safety,Safety,1.2509797981807165,1.4149219132199577,1.157665491104126,1.375398874282837,0.06347187681963096,0.06347187681963096
Mistral-7B,0,band1_factual,Factual,6.7594835587910245,6.7594835587910245,5.6888770163059235,8.186958948771158,0.06744483287284009,0.06744483287284009
Mistral-7B,1,band1_factual,Factual,7.8427606991359164,7.3011221289634705,6.770081877708435,9.272999127705893,0.13844249203629655,0.13844249203629655
Mistral-7B,2,band1_factual,Factual,9.05812134061541,7.88678853284745,8.408543944358826,9.924224535624186,0.12370602879351544,0.12370602879351544
Mistral-7B,3,band1_factual,Factual,8.096998521259852,7.93934102995055,6.794183075428009,9.834085782368978,-0.11759095785887652,0.11759095785887652
Mistral-7B,4,band1_factual,Factual,8.01827873502459,7.955128570965359,6.760368704795837,9.695492108662924,-0.32797302824527286,0.32797302824527286
Mistral-7B,5,band1_factual,Factual,8.426843575068883,8.033747738315945,7.6198190450668335,9.502876281738281,-0.03210687930440592,0.03210687930440592
Mistral-7B,6,band1_factual,Factual,7.8696039744785855,8.010298629196322,7.136910676956177,8.84652837117513,-0.029687138730857043,0.029687138730857043
Mistral-7B,7,band1_factual,Factual,7.636496407645089,7.963573351502419,6.702932834625244,8.881247838338217,-0.008708059685345049,0.008708059685345049
Mistral-7B,8,band1_factual,Factual,7.498136520385742,7.91185814804501,6.598451614379883,8.69771639506022,0.06910182354146599,0.06910182354146599
Mistral-7B,9,band1_factual,Factual,7.057362011500767,7.826408534390586,6.3751678466796875,7.966954231262207,0.07122791519442728,0.07122791519442728
Mistral-7B,10,band1_factual,Factual,7.607934474945068,7.806547256259176,7.101250052452087,8.283513704935709,0.0012516937548259222,0.0012516937548259222
Mistral-7B,11,band1_factual,Factual,7.1274596623012,7.749956623429345,6.491199612617493,7.9758063952128095,0.04924622160402592,0.04924622160402592
Mistral-7B,12,band1_factual,Factual,7.246965340205601,7.711264986258287,6.7895437479019165,7.856860796610515,0.0679404316999328,0.0679404316999328
Mistral-7B,13,band1_factual,Factual,6.665503978729248,7.636567771434785,5.688972592353821,7.967545827229817,0.04916882682873691,0.04916882682873691
Mistral-7B,14,band1_factual,Factual,7.378910609654018,7.619390627316067,6.991959810256958,7.894845008850098,0.13520768776807657,0.13520768776807657
Mistral-7B,15,band1_factual,Factual,7.673149449484689,7.622750553701605,7.354318737983704,8.098257064819336,0.23926314953258832,0.23926314953258832
Mistral-7B,16,band1_factual,Factual,7.96459606715611,7.642859113316577,7.7249075174331665,8.284180800120035,0.2197793353320403,0.2197793353320403
Mistral-7B,17,band1_factual,Factual,7.842003549848284,7.653922693123893,7.419386029243469,8.405493577321371,0.2160454524925708,0.2160454524925708
Mistral-7B,18,band1_factual,Factual,8.183311871119908,7.681785281439473,7.912144303321838,8.544868628184,0.38616992760735336,0.38616992760735336
Mistral-7B,19,band1_factual,Factual,7.191200631005423,7.657256048917771,5.871868550777435,8.950310071309408,0.4313700033532797,0.4313700033532797
Mistral-7B,20,band1_factual,Factual,8.6836245400565,7.706130738971996,7.960652112960815,9.647587776184082,0.48359933448552717,0.48359933448552717
Mistral-7B,21,band1_factual,Factual,8.105262347630092,7.724273084820092,6.732032775878906,9.936235109965006,0.35714359337501733,0.35714359337501733
Mistral-7B,22,band1_factual,Factual,8.401028496878487,7.753697233170457,7.723626375198364,9.304231325785318,0.4235455956526195,0.4235455956526195
Mistral-7B,23,band1_factual,Factual,8.68394558770316,7.792457581275985,8.188085317611694,9.345092614491781,0.36925414616572994,0.36925414616572994
Mistral-7B,24,band1_factual,Factual,8.240692615509033,7.810386982645307,7.540135145187378,9.174769242604574,0.381455712737397,0.381455712737397
Mistral-7B,25,band1_factual,Factual,8.206288542066302,7.82561396569996,7.278519153594971,9.44331439336141,0.35833494535996024,0.35833494535996024
Mistral-7B,26,band1_factual,Factual,8.005310467311315,7.832269391685566,7.082886815071106,9.235208670298258,0.32132587003512114,0.32132587003512114
Mistral-7B,27,band1_factual,Factual,8.436559200286865,7.853851170564184,8.124219417572021,8.853012243906656,0.3297013414511998,0.3297013414511998
Mistral-7B,28,band1_factual,Factual,7.248945610863822,7.832992358160722,6.755472302436829,7.9069100220998125,0.36309270388814596,0.36309270388814596
Mistral-7B,29,band1_factual,Factual,7.634082726069859,7.826362037091028,6.974967360496521,8.512903213500977,0.4796309029133461,0.4796309029133461
Mistral-7B,30,band1_factual,Factual,6.663322993687221,7.7888446485941305,5.86617386341095,7.726188500722249,0.49011069217528114,0.49011069217528114
Mistral-7B,31,band1_factual,Factual,6.162675040108817,7.738026848328965,5.598726511001587,6.91460641225179,0.2857072871851116,0.2857072871851116
Mistral-7B,0,band2_instruction,Instruction,6.7594835587910245,6.7594835587910245,5.6888770163059235,8.186958948771158,0.20603410762020413,0.20603410762020413
Mistral-7B,1,band2_instruction,Instruction,7.8427606991359164,7.3011221289634705,6.770081877708435,9.272999127705893,0.6527068155931888,0.6527068155931888
Mistral-7B,2,band2_instruction,Instruction,9.05812134061541,7.88678853284745,8.408543944358826,9.924224535624186,-0.08713026039441285,0.08713026039441285
Mistral-7B,3,band2_instruction,Instruction,8.096998521259852,7.93934102995055,6.794183075428009,9.834085782368978,0.8167845737481727,0.8167845737481727
Mistral-7B,4,band2_instruction,Instruction,8.01827873502459,7.955128570965359,6.760368704795837,9.695492108662924,0.6804577496006337,0.6804577496006337
Mistral-7B,5,band2_instruction,Instruction,8.426843575068883,8.033747738315945,7.6198190450668335,9.502876281738281,0.7583115341067606,0.7583115341067606
Mistral-7B,6,band2_instruction,Instruction,7.8696039744785855,8.010298629196322,7.136910676956177,8.84652837117513,0.9504900794490725,0.9504900794490725
Mistral-7B,7,band2_instruction,Instruction,7.636496407645089,7.963573351502419,6.702932834625244,8.881247838338217,1.147553028434963,1.147553028434963
Mistral-7B,8,band2_instruction,Instruction,7.498136520385742,7.91185814804501,6.598451614379883,8.69771639506022,1.1429212348230715,1.1429212348230715
Mistral-7B,9,band2_instruction,Instruction,7.057362011500767,7.826408534390586,6.3751678466796875,7.966954231262207,1.0068057090407585,1.0068057090407585
Mistral-7B,10,band2_instruction,Instruction,7.607934474945068,7.806547256259176,7.101250052452087,8.283513704935709,0.866900078107145,0.866900078107145
Mistral-7B,11,band2_instruction,Instruction,7.1274596623012,7.749956623429345,6.491199612617493,7.9758063952128095,0.8322867856511555,0.8322867856511555
Mistral-7B,12,band2_instruction,Instruction,7.246965340205601,7.711264986258287,6.7895437479019165,7.856860796610515,0.9639064795119312,0.9639064795119312
Mistral-7B,13,band2_instruction,Instruction,6.665503978729248,7.636567771434785,5.688972592353821,7.967545827229817,0.6011677536214162,0.6011677536214162
Mistral-7B,14,band2_instruction,Instruction,7.378910609654018,7.619390627316067,6.991959810256958,7.894845008850098,0.5236905614253944,0.5236905614253944
Mistral-7B,15,band2_instruction,Instruction,7.673149449484689,7.622750553701605,7.354318737983704,8.098257064819336,0.8114883677003286,0.8114883677003286
Mistral-7B,16,band2_instruction,Instruction,7.96459606715611,7.642859113316577,7.7249075174331665,8.284180800120035,1.0279602080439343,1.0279602080439343
Mistral-7B,17,band2_instruction,Instruction,7.842003549848284,7.653922693123893,7.419386029243469,8.405493577321371,1.2140866302020576,1.2140866302020576
Mistral-7B,18,band2_instruction,Instruction,8.183311871119908,7.681785281439473,7.912144303321838,8.544868628184,1.1610045507984417,1.1610045507984417
Mistral-7B,19,band2_instruction,Instruction,7.191200631005423,7.657256048917771,5.871868550777435,8.950310071309408,1.3519757017931635,1.3519757017931635
Mistral-7B,20,band2_instruction,Instruction,8.6836245400565,7.706130738971996,7.960652112960815,9.647587776184082,1.5803111251365705,1.5803111251365705
Mistral-7B,21,band2_instruction,Instruction,8.105262347630092,7.724273084820092,6.732032775878906,9.936235109965006,1.668225993163877,1.668225993163877
Mistral-7B,22,band2_instruction,Instruction,8.401028496878487,7.753697233170457,7.723626375198364,9.304231325785318,1.7203043991174827,1.7203043991174827
Mistral-7B,23,band2_instruction,Instruction,8.68394558770316,7.792457581275985,8.188085317611694,9.345092614491781,1.6984067169788677,1.6984067169788677
Mistral-7B,24,band2_instruction,Instruction,8.240692615509033,7.810386982645307,7.540135145187378,9.174769242604574,1.6718919875606915,1.6718919875606915
Mistral-7B,25,band2_instruction,Instruction,8.206288542066302,7.82561396569996,7.278519153594971,9.44331439336141,1.6894378311040086,1.6894378311040086
Mistral-7B,26,band2_instruction,Instruction,8.005310467311315,7.832269391685566,7.082886815071106,9.235208670298258,1.6358426072586392,1.6358426072586392
Mistral-7B,27,band2_instruction,Instruction,8.436559200286865,7.853851170564184,8.124219417572021,8.853012243906656,1.6977746622493664,1.6977746622493664
Mistral-7B,28,band2_instruction,Instruction,7.248945610863822,7.832992358160722,6.755472302436829,7.9069100220998125,1.7345744877027398,1.7345744877027398
Mistral-7B,29,band2_instruction,Instruction,7.634082726069859,7.826362037091028,6.974967360496521,8.512903213500977,1.6837614957820843,1.6837614957820843
Mistral-7B,30,band2_instruction,Instruction,6.663322993687221,7.7888446485941305,5.86617386341095,7.726188500722249,1.6545839266968132,1.6545839266968132
Mistral-7B,31,band2_instruction,Instruction,6.162675040108817,7.738026848328965,5.598726511001587,6.91460641225179,1.7672482594359566,1.7672482594359566
Mistral-7B,0,band3_creative,Creative,6.7594835587910245,6.7594835587910245,5.6888770163059235,8.186958948771158,0.15928825857360174,0.15928825857360174
Mistral-7B,1,band3_creative,Creative,7.8427606991359164,7.3011221289634705,6.770081877708435,9.272999127705893,0.24025338343362446,0.24025338343362446
Mistral-7B,2,band3_creative,Creative,9.05812134061541,7.88678853284745,8.408543944358826,9.924224535624186,0.2874469364625183,0.2874469364625183
Mistral-7B,3,band3_creative,Creative,8.096998521259852,7.93934102995055,6.794183075428009,9.834085782368978,0.8097736864797742,0.8097736864797742
Mistral-7B,4,band3_creative,Creative,8.01827873502459,7.955128570965359,6.760368704795837,9.695492108662924,0.6263157981002498,0.6263157981002498
Mistral-7B,5,band3_creative,Creative,8.426843575068883,8.033747738315945,7.6198190450668335,9.502876281738281,0.9304950326917583,0.9304950326917583
Mistral-7B,6,band3_creative,Creative,7.8696039744785855,8.010298629196322,7.136910676956177,8.84652837117513,0.9517577341974501,0.9517577341974501
Mistral-7B,7,band3_creative,Creative,7.636496407645089,7.963573351502419,6.702932834625244,8.881247838338217,0.7054965029471516,0.7054965029471516
Mistral-7B,8,band3_creative,Creative,7.498136520385742,7.91185814804501,6.598451614379883,8.69771639506022,0.6043268120893801,0.6043268120893801
Mistral-7B,9,band3_creative,Creative,7.057362011500767,7.826408534390586,6.3751678466796875,7.966954231262207,0.6278532578425686,0.6278532578425686
Mistral-7B,10,band3_creative,Creative,7.607934474945068,7.806547256259176,7.101250052452087,8.283513704935709,0.5594782329707257,0.5594782329707257
Mistral-7B,11,band3_creative,Creative,7.1274596623012,7.749956623429345,6.491199612617493,7.9758063952128095,0.5101760848221222,0.5101760848221222
Mistral-7B,12,band3_creative,Creative,7.246965340205601,7.711264986258287,6.7895437479019165,7.856860796610515,0.6189955200387924,0.6189955200387924
Mistral-7B,13,band3_creative,Creative,6.665503978729248,7.636567771434785,5.688972592353821,7.967545827229817,0.7211965732474503,0.7211965732474503
Mistral-7B,14,band3_creative,Creative,7.378910609654018,7.619390627316067,6.991959810256958,7.894845008850098,0.9216532328098026,0.9216532328098026
Mistral-7B,15,band3_creative,Creative,7.673149449484689,7.622750553701605,7.354318737983704,8.098257064819336,1.4004970301100776,1.4004970301100776
Mistral-7B,16,band3_creative,Creative,7.96459606715611,7.642859113316577,7.7249075174331665,8.284180800120035,1.9884140146558646,1.9884140146558646
Mistral-7B,17,band3_creative,Creative,7.842003549848284,7.653922693123893,7.419386029243469,8.405493577321371,2.0803805310989905,2.0803805310989905
Mistral-7B,18,band3_creative,Creative,8.183311871119908,7.681785281439473,7.912144303321838,8.544868628184,2.3955237072771665,2.3955237072771665
Mistral-7B,19,band3_creative,Creative,7.191200631005423,7.657256048917771,5.871868550777435,8.950310071309408,2.1873624186403546,2.1873624186403546
Mistral-7B,20,band3_creative,Creative,8.6836245400565,7.706130738971996,7.960652112960815,9.647587776184082,2.0879012242621737,2.0879012242621737
Mistral-7B,21,band3_creative,Creative,8.105262347630092,7.724273084820092,6.732032775878906,9.936235109965006,2.0327312295847983,2.0327312295847983
Mistral-7B,22,band3_creative,Creative,8.401028496878487,7.753697233170457,7.723626375198364,9.304231325785318,1.999097171929237,1.999097171929237
Mistral-7B,23,band3_creative,Creative,8.68394558770316,7.792457581275985,8.188085317611694,9.345092614491781,2.131518935615155,2.131518935615155
Mistral-7B,24,band3_creative,Creative,8.240692615509033,7.810386982645307,7.540135145187378,9.174769242604574,2.208005632000681,2.208005632000681
Mistral-7B,25,band3_creative,Creative,8.206288542066302,7.82561396569996,7.278519153594971,9.44331439336141,2.276322929728342,2.276322929728342
Mistral-7B,26,band3_creative,Creative,8.005310467311315,7.832269391685566,7.082886815071106,9.235208670298258,2.1561548772037815,2.1561548772037815
Mistral-7B,27,band3_creative,Creative,8.436559200286865,7.853851170564184,8.124219417572021,8.853012243906656,2.288917681266873,2.288917681266873
Mistral-7B,28,band3_creative,Creative,7.248945610863822,7.832992358160722,6.755472302436829,7.9069100220998125,2.0535469441214707,2.0535469441214707
Mistral-7B,29,band3_creative,Creative,7.634082726069859,7.826362037091028,6.974967360496521,8.512903213500977,1.9790554598152754,1.9790554598152754
Mistral-7B,30,band3_creative,Creative,6.663322993687221,7.7888446485941305,5.86617386341095,7.726188500722249,1.8793733128495251,1.8793733128495251
Mistral-7B,31,band3_creative,Creative,6.162675040108817,7.738026848328965,5.598726511001587,6.91460641225179,1.6237148899723808,1.6237148899723808
Mistral-7B,0,band4_code,Code / Logic,6.7594835587910245,6.7594835587910245,5.6888770163059235,8.186958948771158,0.26808881432395326,0.26808881432395326
Mistral-7B,1,band4_code,Code / Logic,7.8427606991359164,7.3011221289634705,6.770081877708435,9.272999127705893,0.5741975349377215,0.5741975349377215
Mistral-7B,2,band4_code,Code / Logic,9.05812134061541,7.88678853284745,8.408543944358826,9.924224535624186,0.559972843359624,0.559972843359624
Mistral-7B,3,band4_code,Code / Logic,8.096998521259852,7.93934102995055,6.794183075428009,9.834085782368978,1.0687546708099989,1.0687546708099989
Mistral-7B,4,band4_code,Code / Logic,8.01827873502459,7.955128570965359,6.760368704795837,9.695492108662924,1.3321511710363616,1.3321511710363616
Mistral-7B,5,band4_code,Code / Logic,8.426843575068883,8.033747738315945,7.6198190450668335,9.502876281738281,1.3762298844112486,1.3762298844112486
Mistral-7B,6,band4_code,Code / Logic,7.8696039744785855,8.010298629196322,7.136910676956177,8.84652837117513,1.5365701733709551,1.5365701733709551
Mistral-7B,7,band4_code,Code / Logic,7.636496407645089,7.963573351502419,6.702932834625244,8.881247838338217,1.2993559556678544,1.2993559556678544
Mistral-7B,8,band4_code,Code / Logic,7.498136520385742,7.91185814804501,6.598451614379883,8.69771639506022,1.1113182595235092,1.1113182595235092
Mistral-7B,9,band4_code,Code / Logic,7.057362011500767,7.826408534390586,6.3751678466796875,7.966954231262207,1.277211619933265,1.277211619933265
Mistral-7B,10,band4_code,Code / Logic,7.607934474945068,7.806547256259176,7.101250052452087,8.283513704935709,1.3289298486511898,1.3289298486511898
Mistral-7B,11,band4_code,Code / Logic,7.1274596623012,7.749956623429345,6.491199612617493,7.9758063952128095,1.4988330162282066,1.4988330162282066
Mistral-7B,12,band4_code,Code / Logic,7.246965340205601,7.711264986258287,6.7895437479019165,7.856860796610515,1.6735476297189766,1.6735476297189766
Mistral-7B,13,band4_code,Code / Logic,6.665503978729248,7.636567771434785,5.688972592353821,7.967545827229817,1.8848737136219347,1.8848737136219347
Mistral-7B,14,band4_code,Code / Logic,7.378910609654018,7.619390627316067,6.991959810256958,7.894845008850098,2.0297277459752774,2.0297277459752774
Mistral-7B,15,band4_code,Code / Logic,7.673149449484689,7.622750553701605,7.354318737983704,8.098257064819336,2.269413890870241,2.269413890870241
Mistral-7B,16,band4_code,Code / Logic,7.96459606715611,7.642859113316577,7.7249075174331665,8.284180800120035,2.409438494676574,2.409438494676574
Mistral-7B,17,band4_code,Code / Logic,7.842003549848284,7.653922693123893,7.419386029243469,8.405493577321371,2.747804464517575,2.747804464517575
Mistral-7B,18,band4_code,Code / Logic,8.183311871119908,7.681785281439473,7.912144303321838,8.544868628184,2.973566985135731,2.973566985135731
Mistral-7B,19,band4_code,Code / Logic,7.191200631005423,7.657256048917771,5.871868550777435,8.950310071309408,2.6259517160675907,2.6259517160675907
Mistral-7B,20,band4_code,Code / Logic,8.6836245400565,7.706130738971996,7.960652112960815,9.647587776184082,2.285708263770128,2.285708263770128
Mistral-7B,21,band4_code,Code / Logic,8.105262347630092,7.724273084820092,6.732032775878906,9.936235109965006,2.43042821189019,2.43042821189019
Mistral-7B,22,band4_code,Code / Logic,8.401028496878487,7.753697233170457,7.723626375198364,9.304231325785318,2.5495598427706545,2.5495598427706545
Mistral-7B,23,band4_code,Code / Logic,8.68394558770316,7.792457581275985,8.188085317611694,9.345092614491781,2.707396305681945,2.707396305681945
Mistral-7B,24,band4_code,Code / Logic,8.240692615509033,7.810386982645307,7.540135145187378,9.174769242604574,2.7006259951091645,2.7006259951091645
Mistral-7B,25,band4_code,Code / Logic,8.206288542066302,7.82561396569996,7.278519153594971,9.44331439336141,2.7652810340861205,2.7652810340861205
Mistral-7B,26,band4_code,Code / Logic,8.005310467311315,7.832269391685566,7.082886815071106,9.235208670298258,2.660309283102647,2.660309283102647
Mistral-7B,27,band4_code,Code / Logic,8.436559200286865,7.853851170564184,8.124219417572021,8.853012243906656,2.3557977022569903,2.3557977022569903
Mistral-7B,28,band4_code,Code / Logic,7.248945610863822,7.832992358160722,6.755472302436829,7.9069100220998125,2.065060267910921,2.065060267910921
Mistral-7B,29,band4_code,Code / Logic,7.634082726069859,7.826362037091028,6.974967360496521,8.512903213500977,1.9481368641269006,1.9481368641269006
Mistral-7B,30,band4_code,Code / Logic,6.663322993687221,7.7888446485941305,5.86617386341095,7.726188500722249,1.83073135963732,1.83073135963732
Mistral-7B,31,band4_code,Code / Logic,6.162675040108817,7.738026848328965,5.598726511001587,6.91460641225179,1.7155217526324593,1.7155217526324593
Mistral-7B,0,band5_dialogue,Dialogue,6.7594835587910245,6.7594835587910245,5.6888770163059235,8.186958948771158,0.003498324955415022,0.003498324955415022
Mistral-7B,1,band5_dialogue,Dialogue,7.8427606991359164,7.3011221289634705,6.770081877708435,9.272999127705893,0.43178343112136286,0.43178343112136286
Mistral-7B,2,band5_dialogue,Dialogue,9.05812134061541,7.88678853284745,8.408543944358826,9.924224535624186,-0.0003471254051916617,0.0003471254051916617
Mistral-7B,3,band5_dialogue,Dialogue,8.096998521259852,7.93934102995055,6.794183075428009,9.834085782368978,0.1659825371218684,0.1659825371218684
Mistral-7B,4,band5_dialogue,Dialogue,8.01827873502459,7.955128570965359,6.760368704795837,9.695492108662924,0.2800056769875603,0.2800056769875603
Mistral-7B,5,band5_dialogue,Dialogue,8.426843575068883,8.033747738315945,7.6198190450668335,9.502876281738281,0.22937608148477118,0.22937608148477118
Mistral-7B,6,band5_dialogue,Dialogue,7.8696039744785855,8.010298629196322,7.136910676956177,8.84652837117513,0.019241110434185416,0.019241110434185416
Mistral-7B,7,band5_dialogue,Dialogue,7.636496407645089,7.963573351502419,6.702932834625244,8.881247838338217,0.14583210951976433,0.14583210951976433
Mistral-7B,8,band5_dialogue,Dialogue,7.498136520385742,7.91185814804501,6.598451614379883,8.69771639506022,0.23238648226275593,0.23238648226275593
Mistral-7B,9,band5_dialogue,Dialogue,7.057362011500767,7.826408534390586,6.3751678466796875,7.966954231262207,0.21366146603854652,0.21366146603854652
Mistral-7B,10,band5_dialogue,Dialogue,7.607934474945068,7.806547256259176,7.101250052452087,8.283513704935709,0.13983809914670875,0.13983809914670875
Mistral-7B,11,band5_dialogue,Dialogue,7.1274596623012,7.749956623429345,6.491199612617493,7.9758063952128095,0.15505847084867685,0.15505847084867685
Mistral-7B,12,band5_dialogue,Dialogue,7.246965340205601,7.711264986258287,6.7895437479019165,7.856860796610515,0.43788374979273303,0.43788374979273303
Mistral-7B,13,band5_dialogue,Dialogue,6.665503978729248,7.636567771434785,5.688972592353821,7.967545827229817,0.45293990588353417,0.45293990588353417
Mistral-7B,14,band5_dialogue,Dialogue,7.378910609654018,7.619390627316067,6.991959810256958,7.894845008850098,0.4613031007412225,0.4613031007412225
Mistral-7B,15,band5_dialogue,Dialogue,7.673149449484689,7.622750553701605,7.354318737983704,8.098257064819336,0.639302219119938,0.639302219119938
Mistral-7B,16,band5_dialogue,Dialogue,7.96459606715611,7.642859113316577,7.7249075174331665,8.284180800120035,0.8445249808811308,0.8445249808811308
Mistral-7B,17,band5_dialogue,Dialogue,7.842003549848284,7.653922693123893,7.419386029243469,8.405493577321371,0.8013633377154772,0.8013633377154772
Mistral-7B,18,band5_dialogue,Dialogue,8.183311871119908,7.681785281439473,7.912144303321838,8.544868628184,0.922623380624918,0.922623380624918
Mistral-7B,19,band5_dialogue,Dialogue,7.191200631005423,7.657256048917771,5.871868550777435,8.950310071309408,1.008920640813792,1.008920640813792
Mistral-7B,20,band5_dialogue,Dialogue,8.6836245400565,7.706130738971996,7.960652112960815,9.647587776184082,0.9441868507511115,0.9441868507511115
Mistral-7B,21,band5_dialogue,Dialogue,8.105262347630092,7.724273084820092,6.732032775878906,9.936235109965006,0.9679677319965041,0.9679677319965041
Mistral-7B,22,band5_dialogue,Dialogue,8.401028496878487,7.753697233170457,7.723626375198364,9.304231325785318,0.9276822699728857,0.9276822699728857
Mistral-7B,23,band5_dialogue,Dialogue,8.68394558770316,7.792457581275985,8.188085317611694,9.345092614491781,0.6995726267951836,0.6995726267951836
Mistral-7B,24,band5_dialogue,Dialogue,8.240692615509033,7.810386982645307,7.540135145187378,9.174769242604574,0.6803091973577846,0.6803091973577846
Mistral-7B,25,band5_dialogue,Dialogue,8.206288542066302,7.82561396569996,7.278519153594971,9.44331439336141,0.4734448628557235,0.4734448628557235
Mistral-7B,26,band5_dialogue,Dialogue,8.005310467311315,7.832269391685566,7.082886815071106,9.235208670298258,0.44029058906222396,0.44029058906222396
Mistral-7B,27,band5_dialogue,Dialogue,8.436559200286865,7.853851170564184,8.124219417572021,8.853012243906656,0.45795590047231016,0.45795590047231016
Mistral-7B,28,band5_dialogue,Dialogue,7.248945610863822,7.832992358160722,6.755472302436829,7.9069100220998125,0.46734505143275484,0.46734505143275484
Mistral-7B,29,band5_dialogue,Dialogue,7.634082726069859,7.826362037091028,6.974967360496521,8.512903213500977,0.5844121017684154,0.5844121017684154
Mistral-7B,30,band5_dialogue,Dialogue,6.663322993687221,7.7888446485941305,5.86617386341095,7.726188500722249,0.7418161549754219,0.7418161549754219
Mistral-7B,31,band5_dialogue,Dialogue,6.162675040108817,7.738026848328965,5.598726511001587,6.91460641225179,0.7834356900106938,0.7834356900106938
Mistral-7B,0,band6_counterfactual,Counterfactual,6.7594835587910245,6.7594835587910245,5.6888770163059235,8.186958948771158,-0.05181888279514846,0.05181888279514846
Mistral-7B,1,band6_counterfactual,Counterfactual,7.8427606991359164,7.3011221289634705,6.770081877708435,9.272999127705893,0.5997012031147584,0.5997012031147584
Mistral-7B,2,band6_counterfactual,Counterfactual,9.05812134061541,7.88678853284745,8.408543944358826,9.924224535624186,-0.24791281180602365,0.24791281180602365
Mistral-7B,3,band6_counterfactual,Counterfactual,8.096998521259852,7.93934102995055,6.794183075428009,9.834085782368978,0.3670343361562969,0.3670343361562969
Mistral-7B,4,band6_counterfactual,Counterfactual,8.01827873502459,7.955128570965359,6.760368704795837,9.695492108662924,0.6982340047665332,0.6982340047665332
Mistral-7B,5,band6_counterfactual,Counterfactual,8.426843575068883,8.033747738315945,7.6198190450668335,9.502876281738281,-0.09066702460164588,0.09066702460164588
Mistral-7B,6,band6_counterfactual,Counterfactual,7.8696039744785855,8.010298629196322,7.136910676956177,8.84652837117513,-0.2825946641115049,0.2825946641115049
Mistral-7B,7,band6_counterfactual,Counterfactual,7.636496407645089,7.963573351502419,6.702932834625244,8.881247838338217,-0.6659285945034421,0.6659285945034421
Mistral-7B,8,band6_counterfactual,Counterfactual,7.498136520385742,7.91185814804501,6.598451614379883,8.69771639506022,-0.4895512876947077,0.4895512876947077
Mistral-7B,9,band6_counterfactual,Counterfactual,7.057362011500767,7.826408534390586,6.3751678466796875,7.966954231262207,-0.5592077106647375,0.5592077106647375
Mistral-7B,10,band6_counterfactual,Counterfactual,7.607934474945068,7.806547256259176,7.101250052452087,8.283513704935709,-0.46626429763549204,0.46626429763549204
Mistral-7B,11,band6_counterfactual,Counterfactual,7.1274596623012,7.749956623429345,6.491199612617493,7.9758063952128095,-0.4386872638011763,0.4386872638011763
Mistral-7B,12,band6_counterfactual,Counterfactual,7.246965340205601,7.711264986258287,6.7895437479019165,7.856860796610515,-0.36673457933722453,0.36673457933722453
Mistral-7B,13,band6_counterfactual,Counterfactual,6.665503978729248,7.636567771434785,5.688972592353821,7.967545827229817,-0.2444699606287788,0.2444699606287788
Mistral-7B,14,band6_counterfactual,Counterfactual,7.378910609654018,7.619390627316067,6.991959810256958,7.894845008850098,-0.15435680008407004,0.15435680008407004
Mistral-7B,15,band6_counterfactual,Counterfactual,7.673149449484689,7.622750553701605,7.354318737983704,8.098257064819336,0.0882023439707611,0.0882023439707611
Mistral-7B,16,band6_counterfactual,Counterfactual,7.96459606715611,7.642859113316577,7.7249075174331665,8.284180800120035,0.6138015551629437,0.6138015551629437
Mistral-7B,17,band6_counterfactual,Counterfactual,7.842003549848284,7.653922693123893,7.419386029243469,8.405493577321371,0.6058541258087518,0.6058541258087518
Mistral-7B,18,band6_counterfactual,Counterfactual,8.183311871119908,7.681785281439473,7.912144303321838,8.544868628184,0.8399208676516938,0.8399208676516938
Mistral-7B,19,band6_counterfactual,Counterfactual,7.191200631005423,7.657256048917771,5.871868550777435,8.950310071309408,0.8611596494428957,0.8611596494428957
Mistral-7B,20,band6_counterfactual,Counterfactual,8.6836245400565,7.706130738971996,7.960652112960815,9.647587776184082,0.6345265553014823,0.6345265553014823
Mistral-7B,21,band6_counterfactual,Counterfactual,8.105262347630092,7.724273084820092,6.732032775878906,9.936235109965006,0.6098352794117474,0.6098352794117474
Mistral-7B,22,band6_counterfactual,Counterfactual,8.401028496878487,7.753697233170457,7.723626375198364,9.304231325785318,0.6242611272410743,0.6242611272410743
Mistral-7B,23,band6_counterfactual,Counterfactual,8.68394558770316,7.792457581275985,8.188085317611694,9.345092614491781,0.6691948494480435,0.6691948494480435
Mistral-7B,24,band6_counterfactual,Counterfactual,8.240692615509033,7.810386982645307,7.540135145187378,9.174769242604574,0.7815287630833501,0.7815287630833501
Mistral-7B,25,band6_counterfactual,Counterfactual,8.206288542066302,7.82561396569996,7.278519153594971,9.44331439336141,0.8012481156947029,0.8012481156947029
Mistral-7B,26,band6_counterfactual,Counterfactual,8.005310467311315,7.832269391685566,7.082886815071106,9.235208670298258,0.8553298878438911,0.8553298878438911
Mistral-7B,27,band6_counterfactual,Counterfactual,8.436559200286865,7.853851170564184,8.124219417572021,8.853012243906656,0.8932629166628034,0.8932629166628034
Mistral-7B,28,band6_counterfactual,Counterfactual,7.248945610863822,7.832992358160722,6.755472302436829,7.9069100220998125,0.9087372597136341,0.9087372597136341
Mistral-7B,29,band6_counterfactual,Counterfactual,7.634082726069859,7.826362037091028,6.974967360496521,8.512903213500977,1.0271606808833535,1.0271606808833535
Mistral-7B,30,band6_counterfactual,Counterfactual,6.663322993687221,7.7888446485941305,5.86617386341095,7.726188500722249,1.106660241084259,1.106660241084259
Mistral-7B,31,band6_counterfactual,Counterfactual,6.162675040108817,7.738026848328965,5.598726511001587,6.91460641225179,1.6720710682117428,1.6720710682117428
Mistral-7B,0,band7_safety,Safety,6.7594835587910245,6.7594835587910245,5.6888770163059235,8.186958948771158,0.11389191277660204,0.11389191277660204
Mistral-7B,1,band7_safety,Safety,7.8427606991359164,7.3011221289634705,6.770081877708435,9.272999127705893,0.730069985622519,0.730069985622519
Mistral-7B,2,band7_safety,Safety,9.05812134061541,7.88678853284745,8.408543944358826,9.924224535624186,0.2572699458842944,0.2572699458842944
Mistral-7B,3,band7_safety,Safety,8.096998521259852,7.93934102995055,6.794183075428009,9.834085782368978,1.1576859101838535,1.1576859101838535
Mistral-7B,4,band7_safety,Safety,8.01827873502459,7.955128570965359,6.760368704795837,9.695492108662924,1.225002782991993,1.225002782991993
Mistral-7B,5,band7_safety,Safety,8.426843575068883,8.033747738315945,7.6198190450668335,9.502876281738281,1.228753319486632,1.228753319486632
Mistral-7B,6,band7_safety,Safety,7.8696039744785855,8.010298629196322,7.136910676956177,8.84652837117513,0.8991517066202288,0.8991517066202288
Mistral-7B,7,band7_safety,Safety,7.636496407645089,7.963573351502419,6.702932834625244,8.881247838338217,0.6414494340958123,0.6414494340958123
Mistral-7B,8,band7_safety,Safety,7.498136520385742,7.91185814804501,6.598451614379883,8.69771639506022,0.6390836005141951,0.6390836005141951
Mistral-7B,9,band7_safety,Safety,7.057362011500767,7.826408534390586,6.3751678466796875,7.966954231262207,0.8607554846173002,0.8607554846173002
Mistral-7B,10,band7_safety,Safety,7.607934474945068,7.806547256259176,7.101250052452087,8.283513704935709,0.9186616644187824,0.9186616644187824
Mistral-7B,11,band7_safety,Safety,7.1274596623012,7.749956623429345,6.491199612617493,7.9758063952128095,0.8171251416376633,0.8171251416376633
Mistral-7B,12,band7_safety,Safety,7.246965340205601,7.711264986258287,6.7895437479019165,7.856860796610515,0.8778941685131967,0.8778941685131967
Mistral-7B,13,band7_safety,Safety,6.665503978729248,7.636567771434785,5.688972592353821,7.967545827229817,1.0224731947607317,1.0224731947607317
Mistral-7B,14,band7_safety,Safety,7.378910609654018,7.619390627316067,6.991959810256958,7.894845008850098,1.4287344669689235,1.4287344669689235
Mistral-7B,15,band7_safety,Safety,7.673149449484689,7.622750553701605,7.354318737983704,8.098257064819336,2.0407036684377884,2.0407036684377884
Mistral-7B,16,band7_safety,Safety,7.96459606715611,7.642859113316577,7.7249075174331665,8.284180800120035,2.7739086345642567,2.7739086345642567
Mistral-7B,17,band7_safety,Safety,7.842003549848284,7.653922693123893,7.419386029243469,8.405493577321371,2.7124080618808692,2.7124080618808692
Mistral-7B,18,band7_safety,Safety,8.183311871119908,7.681785281439473,7.912144303321838,8.544868628184,2.85530876539886,2.85530876539886
Mistral-7B,19,band7_safety,Safety,7.191200631005423,7.657256048917771,5.871868550777435,8.950310071309408,2.660137723373448,2.660137723373448
Mistral-7B,20,band7_safety,Safety,8.6836245400565,7.706130738971996,7.960652112960815,9.647587776184082,2.687885567858986,2.687885567858986
Mistral-7B,21,band7_safety,Safety,8.105262347630092,7.724273084820092,6.732032775878906,9.936235109965006,2.6076599279816595,2.6076599279816595
Mistral-7B,22,band7_safety,Safety,8.401028496878487,7.753697233170457,7.723626375198364,9.304231325785318,2.4433466267003476,2.4433466267003476
Mistral-7B,23,band7_safety,Safety,8.68394558770316,7.792457581275985,8.188085317611694,9.345092614491781,2.5148666253279295,2.5148666253279295
Mistral-7B,24,band7_safety,Safety,8.240692615509033,7.810386982645307,7.540135145187378,9.174769242604574,2.4347073473917327,2.4347073473917327
Mistral-7B,25,band7_safety,Safety,8.206288542066302,7.82561396569996,7.278519153594971,9.44331439336141,2.46990594468783,2.46990594468783
Mistral-7B,26,band7_safety,Safety,8.005310467311315,7.832269391685566,7.082886815071106,9.235208670298258,2.4272090711069927,2.4272090711069927
Mistral-7B,27,band7_safety,Safety,8.436559200286865,7.853851170564184,8.124219417572021,8.853012243906656,2.4214781274888972,2.4214781274888972
Mistral-7B,28,band7_safety,Safety,7.248945610863822,7.832992358160722,6.755472302436829,7.9069100220998125,2.4110773860138472,2.4110773860138472
Mistral-7B,29,band7_safety,Safety,7.634082726069859,7.826362037091028,6.974967360496521,8.512903213500977,2.3791052847923497,2.3791052847923497
Mistral-7B,30,band7_safety,Safety,6.663322993687221,7.7888446485941305,5.86617386341095,7.726188500722249,2.2476893089531584,2.2476893089531584
Mistral-7B,31,band7_safety,Safety,6.162675040108817,7.738026848328965,5.598726511001587,6.91460641225179,2.158601709905228,2.158601709905228
Yi-1.5-6B,0,band1_factual,Factual,10.587383236203875,10.587383236203875,8.201130330562592,13.76905377705892,0.31484821205048785,0.31484821205048785
Yi-1.5-6B,1,band1_factual,Factual,8.065404551369804,9.32639389378684,7.30357301235199,9.081179936726889,0.0003854895830150973,0.0003854895830150973
Yi-1.5-6B,2,band1_factual,Factual,8.517005511692592,9.05659776642209,8.918241143226624,7.982024669647217,0.0014469457300594346,0.0014469457300594346
Yi-1.5-6B,3,band1_factual,Factual,8.895884037017822,9.016419334071024,7.998793959617615,10.0920041402181,0.002798038842368289,0.002798038842368289
Yi-1.5-6B,4,band1_factual,Factual,9.17579105922154,9.048293679101127,9.435464143753052,8.829560279846191,0.004792951326535677,0.004792951326535677
Yi-1.5-6B,5,band1_factual,Factual,9.032643113817487,9.045685251553854,8.16945481300354,10.183560848236084,0.00771987975270072,0.00771987975270072
Yi-1.5-6B,6,band1_factual,Factual,9.290809495108467,9.080703000633084,8.206679701805115,10.736315886179606,0.011505246815374237,0.011505246815374237
Yi-1.5-6B,7,band1_factual,Factual,9.379163537706647,9.11801056776728,8.638084530830383,10.367268880208334,0.01858107667511355,0.01858107667511355
Yi-1.5-6B,8,band1_factual,Factual,10.681919370378766,9.291778212501889,10.697784662246704,10.660765647888184,-1.1519824200227706,1.1519824200227706
Yi-1.5-6B,9,band1_factual,Factual,9.645191601344518,9.327119551386152,9.699822187423706,9.5723508199056,-0.11079539028866581,0.11079539028866581
Yi-1.5-6B,10,band1_factual,Factual,9.10294941493443,9.30674044807236,8.574923396110535,9.806984106699625,0.14650793322555877,0.14650793322555877
Yi-1.5-6B,11,band1_factual,Factual,8.099910974502563,9.206171325274877,7.649153530597687,8.700920899709066,0.2354763527089041,0.2354763527089041
Yi-1.5-6B,12,band1_factual,Factual,7.624537672315325,9.084507198124141,6.8896461725234985,8.604393005371094,0.1969180321732349,0.1969180321732349
Yi-1.5-6B,13,band1_factual,Factual,7.504736423492432,8.971666428507591,6.831793665885925,8.40199343363444,0.21610321117875664,0.21610321117875664
Yi-1.5-6B,14,band1_factual,Factual,6.844660350254604,8.829866023290725,5.944998264312744,8.044209798177084,0.23973604171548324,0.23973604171548324
Yi-1.5-6B,15,band1_factual,Factual,7.28061614717756,8.733037906033651,6.846900105476379,7.858904202779134,0.15557189369422098,0.15557189369422098
Yi-1.5-6B,16,band1_factual,Factual,6.686778783798218,8.612669722372743,6.262950301170349,7.251883427302043,0.18506107866975086,0.18506107866975086
Yi-1.5-6B,17,band1_factual,Factual,6.6573085103716165,8.504038543928237,6.1257898807525635,7.3660000165303545,0.2667580744982496,0.2667580744982496
Yi-1.5-6B,18,band1_factual,Factual,7.594799450465611,8.456183854798624,7.253796815872192,8.049469629923502,0.034276976544834525,0.034276976544834525
Yi-1.5-6B,19,band1_factual,Factual,7.3152984891619,8.399139586516789,6.301931142807007,8.666454950968424,0.09478497504500183,0.09478497504500183
Yi-1.5-6B,20,band1_factual,Factual,7.6781512669154575,8.364806809392915,7.042936563491821,8.525104204813639,0.06313169842003585,0.06313169842003585
Yi-1.5-6B,21,band1_factual,Factual,8.406675066266741,8.36670991197809,8.109460592269897,8.802961031595865,0.23432341112745725,0.23432341112745725
Yi-1.5-6B,22,band1_factual,Factual,6.803543772016253,8.298746166762356,5.270809173583984,8.847189903259277,0.09184966452832732,0.09184966452832732
Yi-1.5-6B,23,band1_factual,Factual,8.475781236376081,8.306122627996261,7.163313269615173,10.225738525390625,0.030732897417122373,0.030732897417122373
Yi-1.5-6B,24,band1_factual,Factual,9.274741922106061,8.344867399760654,7.813066601753235,11.223642349243164,0.028710570680877012,0.028710570680877012
Yi-1.5-6B,25,band1_factual,Factual,9.981340203966413,8.407808661460876,7.677127480506897,13.053623835245768,-0.003073395949428459,0.003073395949428459
Yi-1.5-6B,26,band1_factual,Factual,10.568241800580706,8.4878247036505,8.260424375534058,13.645331700642904,0.0724830050572507,0.0724830050572507
Yi-1.5-6B,27,band1_factual,Factual,9.203421320234026,8.513381725671339,6.538382053375244,12.756807009379068,0.12055910346370702,0.12055910346370702
Yi-1.5-6B,28,band1_factual,Factual,8.53001035962786,8.513955126842253,6.037066340446472,11.853935718536377,0.03745735928984928,0.03745735928984928
Yi-1.5-6B,29,band1_factual,Factual,7.760483809879848,8.48883941627684,4.9698323011398315,11.48135248819987,0.11171472833193086,0.11171472833193086
Yi-1.5-6B,30,band1_factual,Factual,10.234053884233747,8.545136657178675,9.872689247131348,10.71587340037028,0.049312941710317304,0.049312941710317304
Yi-1.5-6B,31,band1_factual,Factual,8.38249124799456,8.540053988141672,7.9194605350494385,8.999865531921387,0.0018493534230952235,0.0018493534230952235
Yi-1.5-6B,0,band2_instruction,Instruction,10.587383236203875,10.587383236203875,8.201130330562592,13.76905377705892,0.05099722547078245,0.05099722547078245
Yi-1.5-6B,1,band2_instruction,Instruction,8.065404551369804,9.32639389378684,7.30357301235199,9.081179936726889,8.836317335503274e-05,8.836317335503274e-05
Yi-1.5-6B,2,band2_instruction,Instruction,8.517005511692592,9.05659776642209,8.918241143226624,7.982024669647217,0.0002573678499673271,0.0002573678499673271
Yi-1.5-6B,3,band2_instruction,Instruction,8.895884037017822,9.016419334071024,7.998793959617615,10.0920041402181,0.0005192224876247042,0.0005192224876247042
Yi-1.5-6B,4,band2_instruction,Instruction,9.17579105922154,9.048293679101127,9.435464143753052,8.829560279846191,0.0009222682648908354,0.0009222682648908354
Yi-1.5-6B,5,band2_instruction,Instruction,9.032643113817487,9.045685251553854,8.16945481300354,10.183560848236084,0.0020753650855547257,0.0020753650855547257
Yi-1.5-6B,6,band2_instruction,Instruction,9.290809495108467,9.080703000633084,8.206679701805115,10.736315886179606,0.0031877292205471086,0.0031877292205471086
Yi-1.5-6B,7,band2_instruction,Instruction,9.379163537706647,9.11801056776728,8.638084530830383,10.367268880208334,0.004447438339790333,0.004447438339790333
Yi-1.5-6B,8,band2_instruction,Instruction,10.681919370378766,9.291778212501889,10.697784662246704,10.660765647888184,-0.5968105951627392,0.5968105951627392
Yi-1.5-6B,9,band2_instruction,Instruction,9.645191601344518,9.327119551386152,9.699822187423706,9.5723508199056,-0.31034451714642053,0.31034451714642053
Yi-1.5-6B,10,band2_instruction,Instruction,9.10294941493443,9.30674044807236,8.574923396110535,9.806984106699625,0.2568727454035793,0.2568727454035793
Yi-1.5-6B,11,band2_instruction,Instruction,8.099910974502563,9.206171325274877,7.649153530597687,8.700920899709066,0.5031317285968866,0.5031317285968866
Yi-1.5-6B,12,band2_instruction,Instruction,7.624537672315325,9.084507198124141,6.8896461725234985,8.604393005371094,0.5656452817994833,0.5656452817994833
Yi-1.5-6B,13,band2_instruction,Instruction,7.504736423492432,8.971666428507591,6.831793665885925,8.40199343363444,0.5962588321317392,0.5962588321317392
Yi-1.5-6B,14,band2_instruction,Instruction,6.844660350254604,8.829866023290725,5.944998264312744,8.044209798177084,0.6095567662461097,0.6095567662461097
Yi-1.5-6B,15,band2_instruction,Instruction,7.28061614717756,8.733037906033651,6.846900105476379,7.858904202779134,0.4523592629887814,0.4523592629887814
Yi-1.5-6B,16,band2_instruction,Instruction,6.686778783798218,8.612669722372743,6.262950301170349,7.251883427302043,0.613775840731158,0.613775840731158
Yi-1.5-6B,17,band2_instruction,Instruction,6.6573085103716165,8.504038543928237,6.1257898807525635,7.3660000165303545,0.7286545584973787,0.7286545584973787
Yi-1.5-6B,18,band2_instruction,Instruction,7.594799450465611,8.456183854798624,7.253796815872192,8.049469629923502,0.7543457445787567,0.7543457445787567
Yi-1.5-6B,19,band2_instruction,Instruction,7.3152984891619,8.399139586516789,6.301931142807007,8.666454950968424,0.6360907929778206,0.6360907929778206
Yi-1.5-6B,20,band2_instruction,Instruction,7.6781512669154575,8.364806809392915,7.042936563491821,8.525104204813639,0.9116751047514393,0.9116751047514393
Yi-1.5-6B,21,band2_instruction,Instruction,8.406675066266741,8.36670991197809,8.109460592269897,8.802961031595865,0.9569247651832038,0.9569247651832038
Yi-1.5-6B,22,band2_instruction,Instruction,6.803543772016253,8.298746166762356,5.270809173583984,8.847189903259277,1.010317493315383,1.010317493315383
Yi-1.5-6B,23,band2_instruction,Instruction,8.475781236376081,8.306122627996261,7.163313269615173,10.225738525390625,1.2113235868005718,1.2113235868005718
Yi-1.5-6B,24,band2_instruction,Instruction,9.274741922106061,8.344867399760654,7.813066601753235,11.223642349243164,1.2322382992607563,1.2322382992607563
Yi-1.5-6B,25,band2_instruction,Instruction,9.981340203966413,8.407808661460876,7.677127480506897,13.053623835245768,1.2134474938452726,1.2134474938452726
Yi-1.5-6B,26,band2_instruction,Instruction,10.568241800580706,8.4878247036505,8.260424375534058,13.645331700642904,1.20469670684541,1.20469670684541
Yi-1.5-6B,27,band2_instruction,Instruction,9.203421320234026,8.513381725671339,6.538382053375244,12.756807009379068,1.2018526357521955,1.2018526357521955
Yi-1.5-6B,28,band2_instruction,Instruction,8.53001035962786,8.513955126842253,6.037066340446472,11.853935718536377,1.1678630577243672,1.1678630577243672
Yi-1.5-6B,29,band2_instruction,Instruction,7.760483809879848,8.48883941627684,4.9698323011398315,11.48135248819987,0.9699880410274107,0.9699880410274107
Yi-1.5-6B,30,band2_instruction,Instruction,10.234053884233747,8.545136657178675,9.872689247131348,10.71587340037028,1.1142075750376979,1.1142075750376979
Yi-1.5-6B,31,band2_instruction,Instruction,8.38249124799456,8.540053988141672,7.9194605350494385,8.999865531921387,2.0720004701023065,2.0720004701023065
Yi-1.5-6B,0,band3_creative,Creative,10.587383236203875,10.587383236203875,8.201130330562592,13.76905377705892,0.18416515743392292,0.18416515743392292
Yi-1.5-6B,1,band3_creative,Creative,8.065404551369804,9.32639389378684,7.30357301235199,9.081179936726889,1.284233411968927e-05,1.284233411968927e-05
Yi-1.5-6B,2,band3_creative,Creative,8.517005511692592,9.05659776642209,8.918241143226624,7.982024669647217,2.9550174522219308e-05,2.9550174522219308e-05
Yi-1.5-6B,3,band3_creative,Creative,8.895884037017822,9.016419334071024,7.998793959617615,10.0920041402181,7.939550722890765e-05,7.939550722890765e-05
Yi-1.5-6B,4,band3_creative,Creative,9.17579105922154,9.048293679101127,9.435464143753052,8.829560279846191,0.0001541059348928453,0.0001541059348928453
Yi-1.5-6B,5,band3_creative,Creative,9.032643113817487,9.045685251553854,8.16945481300354,10.183560848236084,0.00037305700798517805,0.00037305700798517805
Yi-1.5-6B,6,band3_creative,Creative,9.290809495108467,9.080703000633084,8.206679701805115,10.736315886179606,0.0005185234296156693,0.0005185234296156693
Yi-1.5-6B,7,band3_creative,Creative,9.379163537706647,9.11801056776728,8.638084530830383,10.367268880208334,0.0008774603445425022,0.0008774603445425022
Yi-1.5-6B,8,band3_creative,Creative,10.681919370378766,9.291778212501889,10.697784662246704,10.660765647888184,-0.6424024800327701,0.6424024800327701
Yi-1.5-6B,9,band3_creative,Creative,9.645191601344518,9.327119551386152,9.699822187423706,9.5723508199056,-1.6618080699909585,1.6618080699909585
Yi-1.5-6B,10,band3_creative,Creative,9.10294941493443,9.30674044807236,8.574923396110535,9.806984106699625,-2.1384025072516817,2.1384025072516817
Yi-1.5-6B,11,band3_creative,Creative,8.099910974502563,9.206171325274877,7.649153530597687,8.700920899709066,-1.3487171767018733,1.3487171767018733
Yi-1.5-6B,12,band3_creative,Creative,7.624537672315325,9.084507198124141,6.8896461725234985,8.604393005371094,-0.3000466490791869,0.3000466490791869
Yi-1.5-6B,13,band3_creative,Creative,7.504736423492432,8.971666428507591,6.831793665885925,8.40199343363444,0.007276740445604446,0.007276740445604446
Yi-1.5-6B,14,band3_creative,Creative,6.844660350254604,8.829866023290725,5.944998264312744,8.044209798177084,0.20403816454685675,0.20403816454685675
Yi-1.5-6B,15,band3_creative,Creative,7.28061614717756,8.733037906033651,6.846900105476379,7.858904202779134,0.32090132964464324,0.32090132964464324
Yi-1.5-6B,16,band3_creative,Creative,6.686778783798218,8.612669722372743,6.262950301170349,7.251883427302043,0.33378892938177795,0.33378892938177795
Yi-1.5-6B,17,band3_creative,Creative,6.6573085103716165,8.504038543928237,6.1257898807525635,7.3660000165303545,0.6815362198646451,0.6815362198646451
Yi-1.5-6B,18,band3_creative,Creative,7.594799450465611,8.456183854798624,7.253796815872192,8.049469629923502,1.2343857269690117,1.2343857269690117
Yi-1.5-6B,19,band3_creative,Creative,7.3152984891619,8.399139586516789,6.301931142807007,8.666454950968424,1.3076697644504511,1.3076697644504511
Yi-1.5-6B,20,band3_creative,Creative,7.6781512669154575,8.364806809392915,7.042936563491821,8.525104204813639,1.434759325219483,1.434759325219483
Yi-1.5-6B,21,band3_creative,Creative,8.406675066266741,8.36670991197809,8.109460592269897,8.802961031595865,1.5721538196281823,1.5721538196281823
Yi-1.5-6B,22,band3_creative,Creative,6.803543772016253,8.298746166762356,5.270809173583984,8.847189903259277,1.5755459722632823,1.5755459722632823
Yi-1.5-6B,23,band3_creative,Creative,8.475781236376081,8.306122627996261,7.163313269615173,10.225738525390625,1.6835842530283847,1.6835842530283847
Yi-1.5-6B,24,band3_creative,Creative,9.274741922106061,8.344867399760654,7.813066601753235,11.223642349243164,1.7406113094670026,1.7406113094670026
Yi-1.5-6B,25,band3_creative,Creative,9.981340203966413,8.407808661460876,7.677127480506897,13.053623835245768,1.6823409686136,1.6823409686136
Yi-1.5-6B,26,band3_creative,Creative,10.568241800580706,8.4878247036505,8.260424375534058,13.645331700642904,1.6022175932610665,1.6022175932610665
Yi-1.5-6B,27,band3_creative,Creative,9.203421320234026,8.513381725671339,6.538382053375244,12.756807009379068,1.4761073751522211,1.4761073751522211
Yi-1.5-6B,28,band3_creative,Creative,8.53001035962786,8.513955126842253,6.037066340446472,11.853935718536377,1.4912724428750366,1.4912724428750366
Yi-1.5-6B,29,band3_creative,Creative,7.760483809879848,8.48883941627684,4.9698323011398315,11.48135248819987,1.5397032934089294,1.5397032934089294
Yi-1.5-6B,30,band3_creative,Creative,10.234053884233747,8.545136657178675,9.872689247131348,10.71587340037028,2.1083447810621454,2.1083447810621454
Yi-1.5-6B,31,band3_creative,Creative,8.38249124799456,8.540053988141672,7.9194605350494385,8.999865531921387,3.727871103903163,3.727871103903163
Yi-1.5-6B,0,band4_code,Code / Logic,10.587383236203875,10.587383236203875,8.201130330562592,13.76905377705892,0.19538456138912585,0.19538456138912585
Yi-1.5-6B,1,band4_code,Code / Logic,8.065404551369804,9.32639389378684,7.30357301235199,9.081179936726889,2.822068577046366e-05,2.822068577046366e-05
Yi-1.5-6B,2,band4_code,Code / Logic,8.517005511692592,9.05659776642209,8.918241143226624,7.982024669647217,8.793200003931467e-05,8.793200003931467e-05
Yi-1.5-6B,3,band4_code,Code / Logic,8.895884037017822,9.016419334071024,7.998793959617615,10.0920041402181,0.00018461930512825298,0.00018461930512825298
Yi-1.5-6B,4,band4_code,Code / Logic,9.17579105922154,9.048293679101127,9.435464143753052,8.829560279846191,0.0002849415491128493,0.0002849415491128493
Yi-1.5-6B,5,band4_code,Code / Logic,9.032643113817487,9.045685251553854,8.16945481300354,10.183560848236084,0.0004290983574073426,0.0004290983574073426
Yi-1.5-6B,6,band4_code,Code / Logic,9.290809495108467,9.080703000633084,8.206679701805115,10.736315886179606,0.0005945614844857783,0.0005945614844857783
Yi-1.5-6B,7,band4_code,Code / Logic,9.379163537706647,9.11801056776728,8.638084530830383,10.367268880208334,0.0009485625389626939,0.0009485625389626939
Yi-1.5-6B,8,band4_code,Code / Logic,10.681919370378766,9.291778212501889,10.697784662246704,10.660765647888184,-0.4318970999654115,0.4318970999654115
Yi-1.5-6B,9,band4_code,Code / Logic,9.645191601344518,9.327119551386152,9.699822187423706,9.5723508199056,-1.6128074875369656,1.6128074875369656
Yi-1.5-6B,10,band4_code,Code / Logic,9.10294941493443,9.30674044807236,8.574923396110535,9.806984106699625,-1.5491597195004614,1.5491597195004614
Yi-1.5-6B,11,band4_code,Code / Logic,8.099910974502563,9.206171325274877,7.649153530597687,8.700920899709066,-0.9519127750691698,0.9519127750691698
Yi-1.5-6B,12,band4_code,Code / Logic,7.624537672315325,9.084507198124141,6.8896461725234985,8.604393005371094,-0.1841708476235695,0.1841708476235695
Yi-1.5-6B,13,band4_code,Code / Logic,7.504736423492432,8.971666428507591,6.831793665885925,8.40199343363444,-0.06900701464605064,0.06900701464605064
Yi-1.5-6B,14,band4_code,Code / Logic,6.844660350254604,8.829866023290725,5.944998264312744,8.044209798177084,0.09742151125341447,0.09742151125341447
Yi-1.5-6B,15,band4_code,Code / Logic,7.28061614717756,8.733037906033651,6.846900105476379,7.858904202779134,0.5377135853764781,0.5377135853764781
Yi-1.5-6B,16,band4_code,Code / Logic,6.686778783798218,8.612669722372743,6.262950301170349,7.251883427302043,1.113410014224919,1.113410014224919
Yi-1.5-6B,17,band4_code,Code / Logic,6.6573085103716165,8.504038543928237,6.1257898807525635,7.3660000165303545,1.459663842105149,1.459663842105149
Yi-1.5-6B,18,band4_code,Code / Logic,7.594799450465611,8.456183854798624,7.253796815872192,8.049469629923502,1.484400342764121,1.484400342764121
Yi-1.5-6B,19,band4_code,Code / Logic,7.3152984891619,8.399139586516789,6.301931142807007,8.666454950968424,1.2354210495310873,1.2354210495310873
Yi-1.5-6B,20,band4_code,Code / Logic,7.6781512669154575,8.364806809392915,7.042936563491821,8.525104204813639,1.303437228300938,1.303437228300938
Yi-1.5-6B,21,band4_code,Code / Logic,8.406675066266741,8.36670991197809,8.109460592269897,8.802961031595865,1.1425859651785775,1.1425859651785775
Yi-1.5-6B,22,band4_code,Code / Logic,6.803543772016253,8.298746166762356,5.270809173583984,8.847189903259277,1.2165265435213515,1.2165265435213515
Yi-1.5-6B,23,band4_code,Code / Logic,8.475781236376081,8.306122627996261,7.163313269615173,10.225738525390625,1.064139391601337,1.064139391601337
Yi-1.5-6B,24,band4_code,Code / Logic,9.274741922106061,8.344867399760654,7.813066601753235,11.223642349243164,1.2469952451910196,1.2469952451910196
Yi-1.5-6B,25,band4_code,Code / Logic,9.981340203966413,8.407808661460876,7.677127480506897,13.053623835245768,1.2798015878919156,1.2798015878919156
Yi-1.5-6B,26,band4_code,Code / Logic,10.568241800580706,8.4878247036505,8.260424375534058,13.645331700642904,1.5455464119188127,1.5455464119188127
Yi-1.5-6B,27,band4_code,Code / Logic,9.203421320234026,8.513381725671339,6.538382053375244,12.756807009379068,1.6779132574153506,1.6779132574153506
Yi-1.5-6B,28,band4_code,Code / Logic,8.53001035962786,8.513955126842253,6.037066340446472,11.853935718536377,1.6590065184427614,1.6590065184427614
Yi-1.5-6B,29,band4_code,Code / Logic,7.760483809879848,8.48883941627684,4.9698323011398315,11.48135248819987,1.676646332116226,1.676646332116226
Yi-1.5-6B,30,band4_code,Code / Logic,10.234053884233747,8.545136657178675,9.872689247131348,10.71587340037028,1.7697105799003605,1.7697105799003605
Yi-1.5-6B,31,band4_code,Code / Logic,8.38249124799456,8.540053988141672,7.9194605350494385,8.999865531921387,2.0304096631444724,2.0304096631444724
Yi-1.5-6B,0,band5_dialogue,Dialogue,10.587383236203875,10.587383236203875,8.201130330562592,13.76905377705892,0.13950152967402363,0.13950152967402363
Yi-1.5-6B,1,band5_dialogue,Dialogue,8.065404551369804,9.32639389378684,7.30357301235199,9.081179936726889,0.2345337443037474,0.2345337443037474
Yi-1.5-6B,2,band5_dialogue,Dialogue,8.517005511692592,9.05659776642209,8.918241143226624,7.982024669647217,0.45780197958070534,0.45780197958070534
Yi-1.5-6B,3,band5_dialogue,Dialogue,8.895884037017822,9.016419334071024,7.998793959617615,10.0920041402181,0.590330947821232,0.590330947821232
Yi-1.5-6B,4,band5_dialogue,Dialogue,9.17579105922154,9.048293679101127,9.435464143753052,8.829560279846191,0.6878942946856155,0.6878942946856155
Yi-1.5-6B,5,band5_dialogue,Dialogue,9.032643113817487,9.045685251553854,8.16945481300354,10.183560848236084,0.44004381828508166,0.44004381828508166
Yi-1.5-6B,6,band5_dialogue,Dialogue,9.290809495108467,9.080703000633084,8.206679701805115,10.736315886179606,0.5938349542693695,0.5938349542693695
Yi-1.5-6B,7,band5_dialogue,Dialogue,9.379163537706647,9.11801056776728,8.638084530830383,10.367268880208334,0.5246957869079116,0.5246957869079116
Yi-1.5-6B,8,band5_dialogue,Dialogue,10.681919370378766,9.291778212501889,10.697784662246704,10.660765647888184,0.5992021543008832,0.5992021543008832
Yi-1.5-6B,9,band5_dialogue,Dialogue,9.645191601344518,9.327119551386152,9.699822187423706,9.5723508199056,0.44782029211089647,0.44782029211089647
Yi-1.5-6B,10,band5_dialogue,Dialogue,9.10294941493443,9.30674044807236,8.574923396110535,9.806984106699625,0.2017906621996577,0.2017906621996577
Yi-1.5-6B,11,band5_dialogue,Dialogue,8.099910974502563,9.206171325274877,7.649153530597687,8.700920899709066,0.2530345593445311,0.2530345593445311
Yi-1.5-6B,12,band5_dialogue,Dialogue,7.624537672315325,9.084507198124141,6.8896461725234985,8.604393005371094,0.15870735745354558,0.15870735745354558
Yi-1.5-6B,13,band5_dialogue,Dialogue,7.504736423492432,8.971666428507591,6.831793665885925,8.40199343363444,0.009149470185201736,0.009149470185201736
Yi-1.5-6B,14,band5_dialogue,Dialogue,6.844660350254604,8.829866023290725,5.944998264312744,8.044209798177084,0.1566216242443259,0.1566216242443259
Yi-1.5-6B,15,band5_dialogue,Dialogue,7.28061614717756,8.733037906033651,6.846900105476379,7.858904202779134,0.2866728919554422,0.2866728919554422
Yi-1.5-6B,16,band5_dialogue,Dialogue,6.686778783798218,8.612669722372743,6.262950301170349,7.251883427302043,0.32727675304256465,0.32727675304256465
Yi-1.5-6B,17,band5_dialogue,Dialogue,6.6573085103716165,8.504038543928237,6.1257898807525635,7.3660000165303545,0.41612681834977394,0.41612681834977394
Yi-1.5-6B,18,band5_dialogue,Dialogue,7.594799450465611,8.456183854798624,7.253796815872192,8.049469629923502,0.3828743798072365,0.3828743798072365
Yi-1.5-6B,19,band5_dialogue,Dialogue,7.3152984891619,8.399139586516789,6.301931142807007,8.666454950968424,0.4270692909538756,0.4270692909538756
Yi-1.5-6B,20,band5_dialogue,Dialogue,7.6781512669154575,8.364806809392915,7.042936563491821,8.525104204813639,0.5972707793680154,0.5972707793680154
Yi-1.5-6B,21,band5_dialogue,Dialogue,8.406675066266741,8.36670991197809,8.109460592269897,8.802961031595865,0.675649256724177,0.675649256724177
Yi-1.5-6B,22,band5_dialogue,Dialogue,6.803543772016253,8.298746166762356,5.270809173583984,8.847189903259277,0.7631489896039678,0.7631489896039678
Yi-1.5-6B,23,band5_dialogue,Dialogue,8.475781236376081,8.306122627996261,7.163313269615173,10.225738525390625,0.7546958442800848,0.7546958442800848
Yi-1.5-6B,24,band5_dialogue,Dialogue,9.274741922106061,8.344867399760654,7.813066601753235,11.223642349243164,0.7168244304220659,0.7168244304220659
Yi-1.5-6B,25,band5_dialogue,Dialogue,9.981340203966413,8.407808661460876,7.677127480506897,13.053623835245768,0.5519186035620285,0.5519186035620285
Yi-1.5-6B,26,band5_dialogue,Dialogue,10.568241800580706,8.4878247036505,8.260424375534058,13.645331700642904,0.5011144969696106,0.5011144969696106
Yi-1.5-6B,27,band5_dialogue,Dialogue,9.203421320234026,8.513381725671339,6.538382053375244,12.756807009379068,0.5049515009522283,0.5049515009522283
Yi-1.5-6B,28,band5_dialogue,Dialogue,8.53001035962786,8.513955126842253,6.037066340446472,11.853935718536377,0.4542234645304468,0.4542234645304468
Yi-1.5-6B,29,band5_dialogue,Dialogue,7.760483809879848,8.48883941627684,4.9698323011398315,11.48135248819987,0.43838494394534067,0.43838494394534067
Yi-1.5-6B,30,band5_dialogue,Dialogue,10.234053884233747,8.545136657178675,9.872689247131348,10.71587340037028,0.28866444378001166,0.28866444378001166
Yi-1.5-6B,31,band5_dialogue,Dialogue,8.38249124799456,8.540053988141672,7.9194605350494385,8.999865531921387,0.10300458390617262,0.10300458390617262
Yi-1.5-6B,0,band6_counterfactual,Counterfactual,10.587383236203875,10.587383236203875,8.201130330562592,13.76905377705892,0.17120762213037555,0.17120762213037555
Yi-1.5-6B,1,band6_counterfactual,Counterfactual,8.065404551369804,9.32639389378684,7.30357301235199,9.081179936726889,7.894124670060343e-05,7.894124670060343e-05
Yi-1.5-6B,2,band6_counterfactual,Counterfactual,8.517005511692592,9.05659776642209,8.918241143226624,7.982024669647217,0.0002824654588409192,0.0002824654588409192
Yi-1.5-6B,3,band6_counterfactual,Counterfactual,8.895884037017822,9.016419334071024,7.998793959617615,10.0920041402181,0.0005380797665994752,0.0005380797665994752
Yi-1.5-6B,4,band6_counterfactual,Counterfactual,9.17579105922154,9.048293679101127,9.435464143753052,8.829560279846191,0.0008450839546396693,0.0008450839546396693
Yi-1.5-6B,5,band6_counterfactual,Counterfactual,9.032643113817487,9.045685251553854,8.16945481300354,10.183560848236084,0.0018413332916880076,0.0018413332916880076
Yi-1.5-6B,6,band6_counterfactual,Counterfactual,9.290809495108467,9.080703000633084,8.206679701805115,10.736315886179606,0.002591593181602958,0.002591593181602958
Yi-1.5-6B,7,band6_counterfactual,Counterfactual,9.379163537706647,9.11801056776728,8.638084530830383,10.367268880208334,0.004557830679918995,0.004557830679918995
Yi-1.5-6B,8,band6_counterfactual,Counterfactual,10.681919370378766,9.291778212501889,10.697784662246704,10.660765647888184,-0.7095713554512413,0.7095713554512413
Yi-1.5-6B,9,band6_counterfactual,Counterfactual,9.645191601344518,9.327119551386152,9.699822187423706,9.5723508199056,-0.06536516016612204,0.06536516016612204
Yi-1.5-6B,10,band6_counterfactual,Counterfactual,9.10294941493443,9.30674044807236,8.574923396110535,9.806984106699625,0.2179985737047394,0.2179985737047394
Yi-1.5-6B,11,band6_counterfactual,Counterfactual,8.099910974502563,9.206171325274877,7.649153530597687,8.700920899709066,-0.04445197758014352,0.04445197758014352
Yi-1.5-6B,12,band6_counterfactual,Counterfactual,7.624537672315325,9.084507198124141,6.8896461725234985,8.604393005371094,-0.22453175670992742,0.22453175670992742
Yi-1.5-6B,13,band6_counterfactual,Counterfactual,7.504736423492432,8.971666428507591,6.831793665885925,8.40199343363444,0.07701362946885659,0.07701362946885659
Yi-1.5-6B,14,band6_counterfactual,Counterfactual,6.844660350254604,8.829866023290725,5.944998264312744,8.044209798177084,0.2619311853215729,0.2619311853215729
Yi-1.5-6B,15,band6_counterfactual,Counterfactual,7.28061614717756,8.733037906033651,6.846900105476379,7.858904202779134,0.5563856868450179,0.5563856868450179
Yi-1.5-6B,16,band6_counterfactual,Counterfactual,6.686778783798218,8.612669722372743,6.262950301170349,7.251883427302043,0.6182994586555344,0.6182994586555344
Yi-1.5-6B,17,band6_counterfactual,Counterfactual,6.6573085103716165,8.504038543928237,6.1257898807525635,7.3660000165303545,0.7315982295431418,0.7315982295431418
Yi-1.5-6B,18,band6_counterfactual,Counterfactual,7.594799450465611,8.456183854798624,7.253796815872192,8.049469629923502,1.453453317334426,1.453453317334426
Yi-1.5-6B,19,band6_counterfactual,Counterfactual,7.3152984891619,8.399139586516789,6.301931142807007,8.666454950968424,1.8123216631431465,1.8123216631431465
Yi-1.5-6B,20,band6_counterfactual,Counterfactual,7.6781512669154575,8.364806809392915,7.042936563491821,8.525104204813639,2.195709939009875,2.195709939009875
Yi-1.5-6B,21,band6_counterfactual,Counterfactual,8.406675066266741,8.36670991197809,8.109460592269897,8.802961031595865,2.257436038518609,2.257436038518609
Yi-1.5-6B,22,band6_counterfactual,Counterfactual,6.803543772016253,8.298746166762356,5.270809173583984,8.847189903259277,2.2552452730404697,2.2552452730404697
Yi-1.5-6B,23,band6_counterfactual,Counterfactual,8.475781236376081,8.306122627996261,7.163313269615173,10.225738525390625,2.3214637964109226,2.3214637964109226
Yi-1.5-6B,24,band6_counterfactual,Counterfactual,9.274741922106061,8.344867399760654,7.813066601753235,11.223642349243164,2.0532868883313107,2.0532868883313107
Yi-1.5-6B,25,band6_counterfactual,Counterfactual,9.981340203966413,8.407808661460876,7.677127480506897,13.053623835245768,1.7709966117556766,1.7709966117556766
Yi-1.5-6B,26,band6_counterfactual,Counterfactual,10.568241800580706,8.4878247036505,8.260424375534058,13.645331700642904,1.7649064688194764,1.7649064688194764
Yi-1.5-6B,27,band6_counterfactual,Counterfactual,9.203421320234026,8.513381725671339,6.538382053375244,12.756807009379068,1.484068211136008,1.484068211136008
Yi-1.5-6B,28,band6_counterfactual,Counterfactual,8.53001035962786,8.513955126842253,6.037066340446472,11.853935718536377,1.28330726433588,1.28330726433588
Yi-1.5-6B,29,band6_counterfactual,Counterfactual,7.760483809879848,8.48883941627684,4.9698323011398315,11.48135248819987,1.2661278055363452,1.2661278055363452
Yi-1.5-6B,30,band6_counterfactual,Counterfactual,10.234053884233747,8.545136657178675,9.872689247131348,10.71587340037028,1.3725434170456445,1.3725434170456445
Yi-1.5-6B,31,band6_counterfactual,Counterfactual,8.38249124799456,8.540053988141672,7.9194605350494385,8.999865531921387,3.2051691370548356,3.2051691370548356
Yi-1.5-6B,0,band7_safety,Safety,10.587383236203875,10.587383236203875,8.201130330562592,13.76905377705892,0.11000016435008364,0.11000016435008364
Yi-1.5-6B,1,band7_safety,Safety,8.065404551369804,9.32639389378684,7.30357301235199,9.081179936726889,4.894758478979355e-05,4.894758478979355e-05
Yi-1.5-6B,2,band7_safety,Safety,8.517005511692592,9.05659776642209,8.918241143226624,7.982024669647217,0.00015706783145086334,0.00015706783145086334
Yi-1.5-6B,3,band7_safety,Safety,8.895884037017822,9.016419334071024,7.998793959617615,10.0920041402181,0.000286537505976181,0.000286537505976181
Yi-1.5-6B,4,band7_safety,Safety,9.17579105922154,9.048293679101127,9.435464143753052,8.829560279846191,0.0004949322707212822,0.0004949322707212822
Yi-1.5-6B,5,band7_safety,Safety,9.032643113817487,9.045685251553854,8.16945481300354,10.183560848236084,0.0008976331324697107,0.0008976331324697107
Yi-1.5-6B,6,band7_safety,Safety,9.290809495108467,9.080703000633084,8.206679701805115,10.736315886179606,0.0011135755282913884,0.0011135755282913884
Yi-1.5-6B,7,band7_safety,Safety,9.379163537706647,9.11801056776728,8.638084530830383,10.367268880208334,0.002110246949613259,0.002110246949613259
Yi-1.5-6B,8,band7_safety,Safety,10.681919370378766,9.291778212501889,10.697784662246704,10.660765647888184,-0.9552497613284121,0.9552497613284121
Yi-1.5-6B,9,band7_safety,Safety,9.645191601344518,9.327119551386152,9.699822187423706,9.5723508199056,-1.0589224587055401,1.0589224587055401
Yi-1.5-6B,10,band7_safety,Safety,9.10294941493443,9.30674044807236,8.574923396110535,9.806984106699625,-0.674697704999712,0.674697704999712
Yi-1.5-6B,11,band7_safety,Safety,8.099910974502563,9.206171325274877,7.649153530597687,8.700920899709066,-0.12355800576655973,0.12355800576655973
Yi-1.5-6B,12,band7_safety,Safety,7.624537672315325,9.084507198124141,6.8896461725234985,8.604393005371094,0.041847680660176856,0.041847680660176856
Yi-1.5-6B,13,band7_safety,Safety,7.504736423492432,8.971666428507591,6.831793665885925,8.40199343363444,0.33322598291792005,0.33322598291792005
Yi-1.5-6B,14,band7_safety,Safety,6.844660350254604,8.829866023290725,5.944998264312744,8.044209798177084,0.26427325313108074,0.26427325313108074
Yi-1.5-6B,15,band7_safety,Safety,7.28061614717756,8.733037906033651,6.846900105476379,7.858904202779134,0.4696580867111839,0.4696580867111839
Yi-1.5-6B,16,band7_safety,Safety,6.686778783798218,8.612669722372743,6.262950301170349,7.251883427302043,0.5744959463820098,0.5744959463820098
Yi-1.5-6B,17,band7_safety,Safety,6.6573085103716165,8.504038543928237,6.1257898807525635,7.3660000165303545,0.5273838225175931,0.5273838225175931
Yi-1.5-6B,18,band7_safety,Safety,7.594799450465611,8.456183854798624,7.253796815872192,8.049469629923502,0.9587028184272315,0.9587028184272315
Yi-1.5-6B,19,band7_safety,Safety,7.3152984891619,8.399139586516789,6.301931142807007,8.666454950968424,0.9937845157064498,0.9937845157064498
Yi-1.5-6B,20,band7_safety,Safety,7.6781512669154575,8.364806809392915,7.042936563491821,8.525104204813639,1.292195217968911,1.292195217968911
Yi-1.5-6B,21,band7_safety,Safety,8.406675066266741,8.36670991197809,8.109460592269897,8.802961031595865,1.1382006069296011,1.1382006069296011
Yi-1.5-6B,22,band7_safety,Safety,6.803543772016253,8.298746166762356,5.270809173583984,8.847189903259277,0.9642269298796178,0.9642269298796178
Yi-1.5-6B,23,band7_safety,Safety,8.475781236376081,8.306122627996261,7.163313269615173,10.225738525390625,0.9249383484397287,0.9249383484397287
Yi-1.5-6B,24,band7_safety,Safety,9.274741922106061,8.344867399760654,7.813066601753235,11.223642349243164,0.8158776233457417,0.8158776233457417
Yi-1.5-6B,25,band7_safety,Safety,9.981340203966413,8.407808661460876,7.677127480506897,13.053623835245768,0.7220672362483818,0.7220672362483818
Yi-1.5-6B,26,band7_safety,Safety,10.568241800580706,8.4878247036505,8.260424375534058,13.645331700642904,0.7645580985135743,0.7645580985135743
Yi-1.5-6B,27,band7_safety,Safety,9.203421320234026,8.513381725671339,6.538382053375244,12.756807009379068,0.7248838587804078,0.7248838587804078
Yi-1.5-6B,28,band7_safety,Safety,8.53001035962786,8.513955126842253,6.037066340446472,11.853935718536377,0.6868026134622278,0.6868026134622278
Yi-1.5-6B,29,band7_safety,Safety,7.760483809879848,8.48883941627684,4.9698323011398315,11.48135248819987,0.768338678801701,0.768338678801701
Yi-1.5-6B,30,band7_safety,Safety,10.234053884233747,8.545136657178675,9.872689247131348,10.71587340037028,0.903340492353486,0.903340492353486
Yi-1.5-6B,31,band7_safety,Safety,8.38249124799456,8.540053988141672,7.9194605350494385,8.999865531921387,1.8999567719443533,1.8999567719443533
